Rk,Name,Age,Tm,Lg,W,L,W-L%,ERA,G,GS,GF,CG,SHO,SV,IP,H,R,ER,HR,BB,IBB,SO,HBP,BK,WP,BF,ERA+,FIP,WHIP,H9,HR9,BB9,SO9,SO/W,Name-additional
1,Don Aase,30,BAL,AL,10,6,.625,3.78,54,0,43,0,0,14,88.0,83,44,37,6,35,7,67,1,1,0,366,107,3.27,1.341,8.5,0.6,3.6,6.9,1.91,aasedo01
2,Johnny Abrego,22,CHC,NL,1,1,.500,6.38,6,5,0,0,0,0,24.0,32,18,17,3,12,1,13,0,0,0,109,63,4.73,1.833,12.0,1.1,4.5,4.9,1.08,abregjo01
3,Jim Acker,26,TOR,AL,7,2,.778,3.23,61,0,26,0,0,10,86.1,86,35,31,7,43,1,42,3,0,2,370,132,4.36,1.494,9.0,0.7,4.5,4.4,0.98,ackerji01
4,Juan Agosto*,27,CHW,AL,4,3,.571,3.58,54,0,21,0,0,1,60.1,45,27,24,3,23,1,39,3,0,0,246,121,3.33,1.127,6.7,0.4,3.4,5.8,1.70,agostju01
5,Rick Aguilera,23,NYM,NL,10,7,.588,3.24,21,19,1,2,0,0,122.1,118,49,44,8,37,2,74,2,2,5,507,108,3.28,1.267,8.7,0.6,2.7,5.4,2.00,aguilri01
6,Doyle Alexander,34,TOR,AL,17,10,.630,3.45,36,36,0,6,1,0,260.2,268,105,100,28,67,0,142,6,0,9,1090,123,3.83,1.285,9.3,1.0,2.3,4.9,2.12,alexado01
7,Neil Allen,27,TOT,MLB,2,4,.333,4.17,40,1,23,0,0,3,58.1,58,31,27,4,30,6,26,1,1,3,259,92,4.28,1.509,8.9,0.6,4.6,4.0,0.87,allenne01
8,Neil Allen,27,STL,NL,1,4,.200,5.59,23,1,13,0,0,2,29.0,32,22,18,3,17,6,10,1,1,1,135,65,5.20,1.690,9.9,0.9,5.3,3.1,0.59,allenne01
9,Neil Allen,27,NYY,AL,1,0,1.000,2.76,17,0,10,0,0,1,29.1,26,9,9,1,13,0,16,0,0,2,124,148,3.37,1.330,8.0,0.3,4.0,4.9,1.23,allenne01
10,Larry Andersen,32,PHI,NL,3,3,.500,4.32,57,0,19,0,0,3,73.0,78,41,35,5,26,4,50,3,1,1,318,86,3.40,1.425,9.6,0.6,3.2,6.2,1.92,anderla02
11,Joaquin Andujar,32,STL,NL,21,12,.636,3.40,38,38,0,10,2,0,269.2,265,113,102,15,82,12,112,11,0,2,1127,105,3.61,1.287,8.8,0.5,2.7,3.7,1.37,andujjo01
12,Mike Armstrong,31,NYY,AL,0,0,,3.07,9,0,8,0,0,0,14.2,9,5,5,4,2,0,11,0,0,1,54,135,5.14,0.750,5.5,2.5,1.2,6.8,5.50,armstmi01
13,Keith Atherton,26,OAK,AL,4,7,.364,4.30,56,0,21,0,0,3,104.2,89,51,50,17,42,8,77,0,0,2,435,89,4.53,1.252,7.7,1.5,3.6,6.6,1.83,atherke01
14,Doug Bair,35,TOT,MLB,2,0,1.000,6.00,23,3,5,0,0,0,51.0,55,38,34,3,27,5,30,1,1,6,232,68,3.92,1.608,9.7,0.5,4.8,5.3,1.11,bairdo01
15,Doug Bair,35,DET,AL,2,0,1.000,6.24,21,3,4,0,0,0,49.0,54,38,34,3,25,5,30,1,1,6,224,66,3.85,1.612,9.9,0.6,4.6,5.5,1.20,bairdo01
16,Doug Bair,35,STL,NL,0,0,,0.00,2,0,1,0,0,0,2.0,1,0,0,0,2,0,0,0,0,0,8,,5.68,1.500,4.5,0.0,9.0,0.0,0.00,bairdo01
17,Jay Baller,24,CHC,NL,2,3,.400,3.46,20,4,4,0,0,1,52.0,52,21,20,8,17,7,31,1,0,2,223,115,4.53,1.327,9.0,1.4,2.9,5.4,1.82,balleja01
18,Floyd Bannister*,30,CHW,AL,10,14,.417,4.87,34,34,0,4,1,0,210.2,211,121,114,30,100,5,198,4,0,11,928,89,4.14,1.476,9.0,1.3,4.3,8.5,1.98,bannifl01
19,Len Barker,29,ATL,NL,2,9,.182,6.35,20,18,1,0,0,0,73.2,84,55,52,10,37,1,47,1,0,3,335,60,4.72,1.643,10.3,1.2,4.5,5.7,1.27,barkele01
20,Jeff Barkley,25,CLE,AL,0,3,.000,5.27,21,0,6,0,0,1,41.0,37,26,24,5,15,3,30,0,1,2,174,79,3.90,1.268,8.1,1.1,3.3,6.6,2.00,barklje01
21,Salome Barojas,28,SEA,AL,0,5,.000,5.98,17,4,3,0,0,0,52.2,65,40,35,6,33,5,27,0,0,6,250,71,5.02,1.861,11.1,1.0,5.6,4.6,0.82,barojsa01
22,Dave Beard,25,CHC,NL,0,0,,6.39,9,0,5,0,0,0,12.2,16,9,9,2,7,2,4,0,0,0,59,64,5.76,1.816,11.4,1.4,5.0,2.8,0.57,beardda01
23,Jim Beattie,30,SEA,AL,5,6,.455,7.29,18,15,1,1,1,0,70.1,93,61,57,9,33,0,45,3,0,2,335,58,4.60,1.791,11.9,1.2,4.2,5.8,1.36,beattji01
24,Joe Beckwith,30,KCR,AL,1,5,.167,4.07,49,0,21,0,0,1,95.0,99,45,43,9,32,8,80,3,0,6,410,101,3.34,1.379,9.4,0.9,3.0,7.6,2.50,beckwjo01
25,Steve Bedrosian,27,ATL,NL,7,15,.318,3.83,37,37,0,0,0,0,206.2,198,101,88,17,111,6,134,5,0,6,907,100,4.14,1.495,8.6,0.7,4.8,5.8,1.21,bedrost01
26,Rick Behenna,25,CLE,AL,0,2,.000,7.78,4,4,0,0,0,0,19.2,29,17,17,3,8,0,4,0,0,1,91,54,5.48,1.881,13.3,1.4,3.7,1.8,0.50,behenri01
27,Eric Bell*,21,BAL,AL,0,0,,4.76,4,0,3,0,0,0,5.2,4,3,3,1,4,0,4,0,0,0,24,90,5.68,1.412,6.4,1.6,6.4,6.4,1.00,beller01
28,Juan Berenguer,30,DET,AL,5,6,.455,5.59,31,13,9,0,0,0,95.0,96,67,59,12,48,3,82,1,1,4,424,73,4.15,1.516,9.1,1.1,4.5,7.8,1.71,berenju01
29,Bruce Berenyi,30,NYM,NL,1,0,1.000,2.63,3,3,0,0,0,0,13.2,8,6,4,0,10,0,10,1,0,3,58,137,3.64,1.317,5.3,0.0,6.6,6.6,1.00,berenbr01
30,Karl Best,26,SEA,AL,2,1,.667,1.95,15,0,7,0,0,4,32.1,25,9,7,1,6,0,32,1,0,0,128,218,1.76,0.959,7.0,0.3,1.7,8.9,5.33,bestka01
31,Mike Bielecki,25,PIT,NL,2,3,.400,4.53,12,7,1,0,0,0,45.2,45,26,23,5,31,1,22,1,1,1,211,80,5.25,1.664,8.9,1.0,6.1,4.3,0.71,bielemi01
32,Tim Birtsas*,24,OAK,AL,10,6,.625,4.01,29,25,4,2,0,0,141.1,124,72,63,18,91,0,94,3,0,6,624,95,5.00,1.521,7.9,1.1,5.8,6.0,1.03,birtsti01
33,Bud Black*,28,KCR,AL,10,15,.400,4.33,33,33,0,5,2,0,205.2,216,111,99,17,59,4,122,8,1,9,885,95,3.55,1.337,9.5,0.7,2.6,5.3,2.07,blackbu02
34,Vida Blue*,35,SFG,NL,8,8,.500,4.47,33,20,5,1,0,0,131.0,115,70,65,17,80,1,103,1,2,8,574,78,4.65,1.489,7.9,1.2,5.5,7.1,1.29,bluevi01
35,Bert Blyleven,34,TOT,AL,17,16,.515,3.16,37,37,0,24,5,0,293.2,264,121,103,23,75,1,206,9,1,4,1203,134,3.16,1.154,8.1,0.7,2.3,6.3,2.75,blylebe01
36,Bert Blyleven,34,CLE,AL,9,11,.450,3.26,23,23,0,15,4,0,179.2,163,76,65,14,49,1,129,7,1,1,743,128,3.20,1.180,8.2,0.7,2.5,6.5,2.63,blylebe01
37,Bert Blyleven,34,MIN,AL,8,5,.615,3.00,14,14,0,9,1,0,114.0,101,45,38,9,26,0,77,2,0,3,460,146,3.10,1.114,8.0,0.7,2.1,6.1,2.96,blylebe01
38,Mike Boddicker,27,BAL,AL,12,17,.414,4.07,32,32,0,9,2,0,203.1,227,104,92,13,89,7,135,5,0,5,899,99,3.57,1.554,10.0,0.6,3.9,6.0,1.52,boddimi01
39,Joe Boever,24,STL,NL,0,0,,4.41,13,0,5,0,0,0,16.1,17,8,8,3,4,1,20,0,0,1,69,83,3.36,1.286,9.4,1.7,2.2,11.0,5.00,boevejo01
40,Tommy Boggs,29,TEX,AL,0,0,,11.57,4,0,0,0,0,0,7.0,13,9,9,3,2,0,6,0,0,0,36,38,7.40,2.143,16.7,3.9,2.6,7.7,3.00,boggsto01
41,Greg Booker,25,SDP,NL,0,1,.000,6.85,17,0,9,0,0,0,22.1,20,17,17,3,17,2,7,1,0,5,102,52,6.22,1.657,8.1,1.2,6.9,2.8,0.41,bookegr01
42,Rich Bordi,26,NYY,AL,6,8,.429,3.21,51,3,16,0,0,2,98.0,95,41,35,5,29,4,64,1,0,1,415,126,2.96,1.265,8.7,0.5,2.7,5.9,2.21,bordiri01
43,Derek Botelho,28,CHC,NL,1,3,.250,5.32,11,7,0,1,0,0,44.0,52,27,26,8,23,1,23,2,0,2,203,75,5.71,1.705,10.6,1.6,4.7,4.7,1.00,botelde01
44,Oil Can Boyd,25,BOS,AL,15,13,.536,3.70,35,35,0,13,3,0,272.1,273,117,112,26,67,3,154,4,1,1,1132,116,3.58,1.248,9.0,0.9,2.2,5.1,2.30,boydoi01
45,Tom Brennan,32,LAD,NL,1,3,.250,7.39,12,4,2,0,0,0,31.2,41,26,26,2,11,4,17,0,3,0,144,47,3.47,1.642,11.7,0.6,3.1,4.8,1.55,brennto01
46,Mark Brown,25,MIN,AL,0,0,,6.89,6,0,4,0,0,0,15.2,21,13,12,1,7,0,5,0,0,0,73,65,4.22,1.787,12.1,0.6,4.0,2.9,0.71,brownma02
47,Mike Brown,26,BOS,AL,0,0,,21.60,2,1,0,0,0,0,3.1,9,8,8,0,3,0,3,0,1,0,22,22,3.58,3.600,24.3,0.0,8.1,8.1,1.00,brownmi01
48,Tom Browning*,25,CIN,NL,20,9,.690,3.55,38,38,0,6,4,0,261.1,242,111,103,29,73,8,155,3,0,2,1083,106,3.81,1.205,8.3,1.0,2.5,5.3,2.12,brownto05
49,Warren Brusstar,33,CHC,NL,4,3,.571,6.05,51,0,20,0,0,4,74.1,87,55,50,8,36,11,34,3,0,3,346,66,4.74,1.655,10.5,1.0,4.4,4.1,0.94,brusswa01
50,Bob Buchanan*,24,CIN,NL,1,0,1.000,8.44,14,0,3,0,0,0,16.0,25,15,15,4,9,1,3,0,0,1,77,45,7.25,2.125,14.1,2.3,5.1,1.7,0.33,buchabo01
51,Tim Burke,26,MON,NL,9,4,.692,2.39,78,0,31,0,0,8,120.1,86,32,32,9,44,14,87,7,0,7,483,143,3.48,1.080,6.4,0.7,3.3,6.5,1.98,burketi01
52,Britt Burns*,26,CHW,AL,18,11,.621,3.96,36,34,1,8,4,0,227.0,206,105,100,26,79,1,172,2,0,2,944,109,3.73,1.256,8.2,1.0,3.1,6.8,2.18,burnsbr01
53,Ray Burris,34,MIL,AL,9,13,.409,4.81,29,28,0,6,0,0,170.1,182,95,91,25,53,0,81,3,0,7,738,86,4.63,1.380,9.6,1.3,2.8,4.3,1.53,burrira01
54,Dennis Burtt,27,MIN,AL,2,2,.500,3.81,5,2,1,0,0,0,28.1,20,13,12,2,7,0,9,0,1,1,109,116,3.71,0.953,6.4,0.6,2.2,2.9,1.29,burttde01
55,John Butcher,28,MIN,AL,11,14,.440,4.98,34,33,0,8,2,0,207.2,239,125,115,24,43,4,92,6,1,5,893,88,4.01,1.358,10.4,1.0,1.9,4.0,2.14,butchjo01
56,Sal Butera,32,MON,NL,0,0,,0.00,1,0,1,0,0,0,1.0,0,0,0,0,0,0,0,0,0,0,3,,2.68,0.000,0.0,0.0,0.0,0.0,,butersa01
57,Marty Bystrom,26,NYY,AL,3,2,.600,5.71,8,8,0,0,0,0,41.0,44,29,26,8,19,0,16,1,0,0,180,71,5.90,1.537,9.7,1.8,4.2,3.5,0.84,bystrma01
58,Jeff Calhoun*,27,HOU,NL,2,5,.286,2.54,44,0,21,0,0,4,63.2,56,21,18,2,24,4,47,0,1,4,259,137,2.75,1.257,7.9,0.3,3.4,6.6,1.96,calhoje01
59,Ernie Camacho,30,CLE,AL,0,1,.000,8.10,2,0,1,0,0,0,3.1,4,3,3,0,1,0,2,0,0,1,15,57,2.38,1.500,10.8,0.0,2.7,5.4,2.00,camacer01
60,Rick Camp,32,ATL,NL,4,6,.400,3.95,66,2,23,0,0,3,127.2,130,72,56,8,61,11,49,5,0,4,569,97,4.28,1.496,9.2,0.6,4.3,3.5,0.80,campri01
61,Bill Campbell,36,STL,NL,5,3,.625,3.50,50,0,18,0,0,4,64.1,55,32,25,5,21,9,41,2,0,1,270,103,3.49,1.181,7.7,0.7,2.9,5.7,1.95,campbbi02
62,John Candelaria*,31,TOT,MLB,9,7,.563,3.73,50,13,26,1,1,9,125.1,127,56,52,14,38,3,100,4,0,2,530,105,3.55,1.316,9.1,1.0,2.7,7.2,2.63,candejo01
63,John Candelaria*,31,PIT,NL,2,4,.333,3.64,37,0,26,0,0,9,54.1,57,23,22,7,14,2,47,1,0,0,229,100,3.46,1.307,9.4,1.2,2.3,7.8,3.36,candejo01
64,John Candelaria*,31,CAL,AL,7,3,.700,3.80,13,13,0,1,1,0,71.0,70,33,30,7,24,1,53,3,0,2,301,110,3.61,1.324,8.9,0.9,3.0,6.7,2.21,candejo01
65,Steve Carlton*,40,PHI,NL,1,8,.111,3.33,16,16,0,0,0,0,92.0,84,43,34,6,53,4,48,0,2,3,401,112,4.22,1.489,8.2,0.6,5.2,4.7,0.91,carltst01
66,Don Carman*,25,PHI,NL,9,4,.692,2.08,71,0,33,0,0,7,86.1,52,25,20,6,38,3,87,2,0,1,342,179,2.96,1.042,5.4,0.6,4.0,9.1,2.29,carmado01
67,Chuck Cary*,25,DET,AL,0,1,.000,3.42,16,0,6,0,0,2,23.2,16,9,9,2,8,1,22,2,0,0,95,121,3.19,1.014,6.1,0.8,3.0,8.4,2.75,carych01
68,Bobby Castillo,30,LAD,NL,2,2,.500,5.43,35,5,5,0,0,0,68.0,59,42,41,9,41,6,57,1,0,2,301,64,4.58,1.471,7.8,1.2,5.4,7.5,1.39,castibo01
69,Bill Caudill,28,TOR,AL,4,6,.400,2.99,67,0,51,0,0,14,69.1,53,26,23,9,35,6,46,2,0,0,297,142,4.65,1.269,6.9,1.2,4.5,6.0,1.31,caudibi01
70,John Cerutti*,25,TOR,AL,0,2,.000,5.40,4,1,1,0,0,0,6.2,10,7,4,1,4,0,5,1,0,2,36,83,5.38,2.100,13.5,1.4,5.4,6.8,1.25,cerutjo01
71,Rocky Childress,23,PHI,NL,0,1,.000,6.21,16,1,3,0,0,0,33.1,45,23,23,3,9,3,14,0,0,1,151,60,3.82,1.620,12.2,0.8,2.4,3.8,1.56,childro01
72,Jim Clancy,29,TOR,AL,9,6,.600,3.78,23,23,0,1,0,0,128.2,117,54,54,15,37,0,66,0,0,2,527,112,4.04,1.197,8.2,1.0,2.6,4.6,1.78,clancji01
73,Bryan Clark*,28,CLE,AL,3,4,.429,6.32,31,3,10,0,0,2,62.2,78,47,44,8,34,2,24,0,0,5,290,66,5.21,1.787,11.2,1.1,4.9,3.4,0.71,clarkbr01
74,Stan Clarke*,24,TOR,AL,0,0,,4.50,4,0,2,0,0,0,4.0,3,2,2,1,2,0,2,0,0,0,16,103,6.43,1.250,6.8,2.3,4.5,4.5,1.00,clarkst02
75,Mark Clear,29,BOS,AL,1,3,.250,3.72,41,0,30,0,0,3,55.2,45,26,23,1,50,10,55,5,0,8,259,116,3.91,1.707,7.3,0.2,8.1,8.9,1.10,clearma01
76,Roger Clemens,22,BOS,AL,7,5,.583,3.29,15,15,0,3,1,0,98.1,83,38,36,5,37,0,74,3,3,1,407,130,3.06,1.220,7.6,0.5,3.4,6.8,2.00,clemero02
77,Pat Clements*,23,TOT,MLB,5,2,.714,3.46,68,0,19,0,0,3,96.1,86,37,37,6,40,5,36,2,0,3,400,115,4.05,1.308,8.0,0.6,3.7,3.4,0.90,clemepa01
78,Pat Clements*,23,CAL,AL,5,0,1.000,3.34,41,0,12,0,0,1,62.0,47,23,23,4,25,2,19,2,0,1,247,125,4.22,1.161,6.8,0.6,3.6,2.8,0.76,clemepa01
79,Pat Clements*,23,PIT,NL,0,2,.000,3.67,27,0,7,0,0,2,34.1,39,14,14,2,15,3,17,0,0,2,153,99,3.76,1.573,10.2,0.5,3.9,4.5,1.13,clemepa01
80,Stew Cliburn,28,CAL,AL,9,3,.750,2.09,44,0,26,0,0,6,99.0,87,25,23,5,26,6,48,1,0,2,395,199,3.19,1.141,7.9,0.5,2.4,4.4,1.85,clibust02
81,Jaime Cocanower,28,MIL,AL,6,8,.429,4.33,24,15,2,3,1,0,116.1,122,72,56,6,73,2,44,8,0,13,534,96,4.69,1.676,9.4,0.5,5.6,3.4,0.60,cocanja01
82,Chris Codiroli,27,OAK,AL,14,14,.500,4.46,37,37,0,4,0,0,226.0,228,125,112,23,78,2,111,3,1,8,975,86,4.10,1.354,9.1,0.9,3.1,4.4,1.42,codirch01
83,Tim Conroy*,25,OAK,AL,0,1,.000,4.26,16,2,7,0,0,0,25.1,22,15,12,3,15,1,8,1,0,4,110,91,5.49,1.461,7.8,1.1,5.3,2.8,0.53,conroti01
84,Glen Cook,25,TEX,AL,2,3,.400,9.45,9,7,1,0,0,0,40.0,53,42,42,12,18,1,19,3,0,1,187,45,7.21,1.775,11.9,2.7,4.1,4.3,1.06,cookgl01
85,Don Cooper,29,NYY,AL,0,0,,5.40,7,0,2,0,0,0,10.0,12,6,6,2,3,0,4,0,0,1,44,77,5.38,1.500,10.8,1.8,2.7,3.6,1.33,coopedo01
86,Doug Corbett,32,CAL,AL,3,3,.500,4.89,30,0,11,0,0,0,46.0,49,33,25,7,20,3,24,1,0,0,203,86,4.99,1.500,9.6,1.4,3.9,4.7,1.20,corbedo01
87,Ed Correa,19,CHW,AL,1,0,1.000,6.97,5,1,3,0,0,0,10.1,11,9,8,2,11,0,10,0,0,1,51,64,6.46,2.129,9.6,1.7,9.6,8.7,0.91,correed01
88,Joe Cowley,26,NYY,AL,12,6,.667,3.95,30,26,2,1,0,0,159.2,132,75,70,29,85,2,97,6,1,5,684,102,5.54,1.359,7.4,1.6,4.8,5.5,1.14,cowlejo01
89,Danny Cox,25,STL,NL,18,9,.667,2.88,35,35,0,10,4,0,241.0,226,91,77,19,64,5,131,3,1,3,989,124,3.46,1.203,8.4,0.7,2.4,4.9,2.05,coxda01
90,Steve Crawford,27,BOS,AL,6,5,.545,3.76,44,1,26,0,0,12,91.0,103,47,38,5,28,8,58,0,0,5,394,114,3.05,1.440,10.2,0.5,2.8,5.7,2.07,crawfst01
91,Keith Creel,26,CLE,AL,2,5,.286,4.79,15,8,5,0,0,0,62.0,73,35,33,7,23,2,31,2,0,1,277,87,4.36,1.548,10.6,1.0,3.3,4.5,1.35,creelke01
92,Ron Darling,24,NYM,NL,16,6,.727,2.90,36,35,1,4,2,0,248.0,214,93,80,21,114,1,167,3,1,7,1043,120,3.85,1.323,7.8,0.8,4.1,6.1,1.46,darliro01
93,Danny Darwin,29,MIL,AL,8,18,.308,3.80,39,29,8,11,1,2,217.2,212,112,92,34,65,4,125,4,0,6,919,109,4.52,1.273,8.8,1.4,2.7,5.2,1.92,darwida01
94,Joel Davis,20,CHW,AL,3,3,.500,4.16,12,11,0,1,0,0,71.1,71,34,33,6,26,0,37,1,0,1,307,104,3.88,1.360,9.0,0.8,3.3,4.7,1.42,davisjo03
95,Mark Davis*,24,SFG,NL,5,12,.294,3.54,77,1,38,0,0,7,114.1,89,49,45,13,41,7,131,3,1,6,465,98,3.03,1.137,7.0,1.0,3.2,10.3,3.20,davisma01
96,Ron Davis,29,MIN,AL,2,6,.250,3.48,57,0,50,0,0,25,64.2,55,28,25,7,35,6,72,4,1,8,285,126,3.67,1.392,7.7,1.0,4.9,10.0,2.06,davisro02
97,Steve Davis*,24,TOR,AL,2,1,.667,3.54,10,5,1,0,0,0,28.0,23,14,11,5,13,0,22,0,0,0,117,121,4.83,1.286,7.4,1.6,4.2,7.1,1.69,davisst03
98,Storm Davis,23,BAL,AL,10,8,.556,4.53,31,28,0,8,1,0,175.0,172,92,88,11,70,5,93,1,1,2,750,89,3.66,1.383,8.8,0.6,3.6,4.8,1.33,davisst02
99,Bill Dawley,27,HOU,NL,5,3,.625,3.56,49,0,19,0,0,2,81.0,76,35,32,7,37,7,48,0,0,2,347,98,3.99,1.395,8.4,0.8,4.1,5.3,1.30,dawlebi01
100,Ken Dayley*,26,STL,NL,4,4,.500,2.76,57,0,27,0,0,11,65.1,65,24,20,2,18,9,62,0,0,4,271,130,2.01,1.270,9.0,0.3,2.5,8.5,3.44,dayleke01
101,Jeff Dedmon,25,ATL,NL,6,3,.667,4.08,60,0,15,0,0,0,86.0,84,52,39,5,49,14,41,1,1,2,377,94,4.23,1.547,8.8,0.5,5.1,4.3,0.84,dedmoje01
102,Jose DeLeon,24,PIT,NL,2,19,.095,4.70,31,25,5,1,0,3,162.2,138,93,85,15,89,3,149,3,1,7,700,77,3.75,1.395,7.6,0.8,4.9,8.2,1.67,deleojo01
103,Luis DeLeon,26,SDP,NL,0,3,.000,4.19,29,0,13,0,0,3,38.2,39,18,18,6,10,4,31,3,0,1,163,85,4.11,1.267,9.1,1.4,2.3,7.2,3.10,deleolu01
104,John Denny,32,PHI,NL,11,14,.440,3.82,33,33,0,6,2,0,230.2,252,112,98,15,83,5,123,3,0,8,998,97,3.58,1.452,9.8,0.6,3.2,4.8,1.48,dennyjo01
105,Jim Deshaies*,25,HOU,NL,0,0,,0.00,2,0,0,0,0,0,3.0,1,0,0,0,0,0,2,0,0,0,10,,1.35,0.333,3.0,0.0,0.0,6.0,,deshaji01
106,Carlos Diaz*,27,LAD,NL,6,3,.667,2.61,46,0,21,0,0,0,79.1,70,28,23,7,18,6,73,0,0,1,326,133,2.67,1.109,7.9,0.8,2.0,8.3,4.06,diazca01
107,Frank DiPino*,28,HOU,NL,3,7,.300,4.03,54,0,29,0,0,6,76.0,69,44,34,7,43,6,49,2,1,4,329,86,4.37,1.474,8.2,0.8,5.1,5.8,1.14,dipinfr01
108,Ken Dixon,24,BAL,AL,8,4,.667,3.67,34,18,7,3,1,1,162.0,144,68,66,20,64,7,108,2,2,5,683,110,4.18,1.284,8.0,1.1,3.6,6.0,1.69,dixonke01
109,John Dopson,21,MON,NL,0,2,.000,11.08,4,3,0,0,0,0,13.0,25,17,16,4,4,0,4,0,0,2,70,32,6.99,2.231,17.3,2.8,2.8,2.8,1.00,dopsojo01
110,Jim Dorsey,29,BOS,AL,0,1,.000,20.25,2,1,0,0,0,0,5.1,12,12,12,2,10,1,2,0,0,0,37,23,12.43,4.125,20.3,3.4,16.9,3.4,0.20,dorseji01
111,Richard Dotson,26,CHW,AL,3,4,.429,4.47,9,9,0,0,0,0,52.1,53,30,26,5,17,1,33,3,0,0,226,97,3.81,1.338,9.1,0.9,2.9,5.7,1.94,dotsori01
112,Dave Dravecky*,29,SDP,NL,13,11,.542,2.93,34,31,1,7,2,0,214.2,200,79,70,18,57,5,105,1,2,2,876,120,3.61,1.197,8.4,0.8,2.4,4.4,1.84,draveda01
113,Jamie Easterly*,32,CLE,AL,4,1,.800,3.92,50,7,18,0,0,0,98.2,96,52,43,9,53,4,58,4,0,7,435,106,4.43,1.510,8.8,0.8,4.8,5.3,1.09,easteja01
114,Dennis Eckersley,30,CHC,NL,11,7,.611,3.08,25,25,0,6,2,0,169.1,145,61,58,15,19,4,117,3,3,0,664,129,2.84,0.969,7.7,0.8,1.0,6.2,6.16,eckerde01
115,Steve Engel*,23,CHC,NL,1,5,.167,5.57,11,8,1,1,0,1,51.2,61,36,32,10,26,1,29,0,1,2,237,72,5.59,1.684,10.6,1.7,4.5,5.1,1.12,engelst01
116,Frank Eufemia,25,MIN,AL,4,2,.667,3.79,39,0,21,0,0,2,61.2,56,27,26,7,21,7,30,0,2,2,250,115,4.21,1.249,8.2,1.0,3.1,4.4,1.43,eufemfr01
117,Bob Fallon*,25,CHW,AL,0,0,,6.19,10,0,4,0,0,0,16.0,25,11,11,5,9,2,17,0,0,1,79,71,6.31,2.125,14.1,2.8,5.1,9.6,1.89,fallobo01
118,Steve Farr,28,KCR,AL,2,1,.667,3.11,16,3,5,0,0,1,37.2,34,15,13,2,20,4,36,2,0,2,164,134,3.21,1.434,8.1,0.5,4.8,8.6,1.80,farrst01
119,Sid Fernandez*,22,NYM,NL,9,9,.500,2.80,26,26,0,3,0,0,170.1,108,56,53,14,80,3,180,2,2,3,685,125,3.08,1.104,5.7,0.7,4.2,9.5,2.25,fernasi01
120,Tony Ferreira*,22,KCR,AL,0,0,,7.94,2,0,1,0,0,0,5.2,6,5,5,0,2,0,5,0,0,0,24,55,1.98,1.412,9.5,0.0,3.2,7.9,2.50,ferreto01
121,Tom Filer,28,TOR,AL,7,0,1.000,3.88,11,9,0,0,0,0,48.2,38,21,21,6,18,0,24,0,1,0,192,110,4.41,1.151,7.0,1.1,3.3,4.4,1.33,filerto01
122,Pete Filson*,26,MIN,AL,4,5,.444,3.67,40,6,12,1,0,2,95.2,93,42,39,13,30,4,42,0,1,1,406,119,4.51,1.286,8.7,1.2,2.8,4.0,1.40,filsope01
123,Rollie Fingers,38,MIL,AL,1,6,.143,5.04,47,0,37,0,0,17,55.1,59,33,31,9,19,5,24,0,0,1,241,83,4.96,1.410,9.6,1.5,3.1,3.9,1.26,fingero01
124,Steve Fireovid,28,CHW,AL,0,0,,5.14,4,0,2,0,0,0,7.0,17,4,4,0,2,0,2,0,0,0,38,88,2.97,2.714,21.9,0.0,2.6,2.6,1.00,fireost01
125,Brian Fisher,23,NYY,AL,4,4,.500,2.38,55,0,23,0,0,14,98.1,77,32,26,4,29,3,85,0,0,3,391,170,2.37,1.078,7.0,0.4,2.7,7.8,2.93,fishebr01
126,Mike Flanagan*,33,BAL,AL,4,5,.444,5.13,15,15,0,1,0,0,86.0,101,49,49,14,28,0,42,2,0,3,379,79,4.87,1.500,10.6,1.5,2.9,4.4,1.50,flanami01
127,Ray Fontenot*,27,CHC,NL,6,10,.375,4.36,38,23,5,0,0,0,154.2,177,86,75,23,45,4,70,0,2,3,661,91,4.58,1.435,10.3,1.3,2.6,4.1,1.56,fontera01
128,Bob Forsch,35,STL,NL,9,6,.600,3.90,34,19,4,3,1,2,136.0,132,63,59,11,47,4,48,2,0,4,567,92,4.11,1.316,8.7,0.7,3.1,3.2,1.02,forscbo01
129,Terry Forster*,33,ATL,NL,2,3,.400,2.28,46,0,19,0,0,1,59.1,49,22,15,7,28,4,37,0,0,1,253,169,4.39,1.298,7.4,1.1,4.2,5.6,1.32,forstte01
130,Alan Fowlkes,26,CAL,AL,0,0,,9.00,2,0,0,0,0,0,7.0,8,7,7,4,4,0,5,0,0,1,33,49,10.40,1.714,10.3,5.1,5.1,6.4,1.25,fowlkal01
131,John Franco*,24,CIN,NL,12,3,.800,2.18,67,0,33,0,0,12,99.0,83,27,24,5,40,8,61,1,0,4,407,172,3.35,1.242,7.5,0.5,3.6,5.5,1.53,francjo01
132,George Frazier,30,CHC,NL,7,8,.467,6.39,51,0,17,0,0,2,76.0,88,57,54,11,52,9,46,3,2,4,357,62,5.53,1.842,10.4,1.3,6.2,5.4,0.88,frazige01
133,Gene Garber,37,ATL,NL,6,6,.500,3.61,59,0,31,0,0,1,97.1,98,41,39,8,25,8,66,2,0,1,409,106,3.23,1.264,9.1,0.7,2.3,6.1,2.64,garbege01
134,Wes Gardner,24,NYM,NL,0,2,.000,5.25,9,0,8,0,0,0,12.0,18,14,7,1,8,2,11,0,0,1,61,69,3.93,2.167,13.5,0.8,6.0,8.3,1.38,gardnwe01
135,Scott Garrelts,23,SFG,NL,9,6,.600,2.30,74,0,44,0,0,13,105.2,76,37,27,2,58,12,106,3,1,7,454,151,2.66,1.268,6.5,0.2,4.9,9.0,1.83,garresc01
136,Dave Geisel*,30,SEA,AL,0,0,,6.33,12,0,1,0,0,0,27.0,35,21,19,3,15,3,17,0,1,0,128,67,4.54,1.852,11.7,1.0,5.0,5.7,1.13,geiseda01
137,Bob Gibson,28,MIL,AL,6,7,.462,3.90,41,1,25,0,0,11,92.1,86,44,40,10,49,3,53,1,0,4,392,107,4.57,1.462,8.4,1.0,4.8,5.2,1.08,gibsobo02
138,Jerry Don Gleaton*,27,CHW,AL,1,0,1.000,5.76,31,0,9,0,0,1,29.2,37,19,19,3,13,3,22,0,0,3,135,76,3.83,1.685,11.2,0.9,3.9,6.7,1.69,gleatje01
139,Ed Glynn*,32,MON,NL,0,0,,19.29,3,0,0,0,0,0,2.1,5,5,5,0,4,0,2,0,0,0,16,21,6.11,3.857,19.3,0.0,15.4,7.7,0.50,glynned01
140,Dwight Gooden,20,NYM,NL,24,4,.857,1.53,35,35,0,16,8,0,276.2,198,51,47,13,69,4,268,2,2,6,1065,229,2.13,0.965,6.4,0.4,2.2,8.7,3.88,goodedw01
141,Tom Gorman*,27,NYM,NL,4,4,.500,5.13,34,2,12,0,0,0,52.2,56,32,30,8,18,2,32,0,2,2,227,69,4.47,1.405,9.6,1.4,3.1,5.5,1.78,gormato03
142,Rich Gossage,33,SDP,NL,5,3,.625,1.82,50,0,38,0,0,26,79.0,64,21,16,1,17,1,52,1,0,0,308,195,2.22,1.025,7.3,0.1,1.9,5.9,3.06,gossari01
143,Jim Gott,25,SFG,NL,7,10,.412,3.88,26,26,0,2,0,0,148.1,144,73,64,10,51,3,78,1,2,3,629,89,3.56,1.315,8.7,0.6,3.1,4.7,1.53,gottji01
144,Rick Grapenthin,27,MON,NL,0,0,,14.14,5,0,1,0,0,0,7.0,13,11,11,0,8,2,4,1,0,0,43,26,5.40,3.000,16.7,0.0,10.3,5.1,0.50,graperi01
145,Kevin Gross,24,PHI,NL,15,13,.536,3.41,38,31,0,6,2,0,205.2,194,86,78,11,81,6,151,7,0,2,873,109,3.19,1.337,8.5,0.5,3.5,6.6,1.86,grosske01
146,Cecilio Guante,25,PIT,NL,4,6,.400,2.72,63,0,31,0,0,5,109.0,84,34,33,5,40,9,92,5,0,5,445,133,2.83,1.138,6.9,0.4,3.3,7.6,2.30,guantce01
147,Mark Gubicza,22,KCR,AL,14,10,.583,4.06,29,28,0,0,0,0,177.1,160,88,80,14,77,0,99,5,0,12,760,101,3.98,1.336,8.1,0.7,3.9,5.0,1.29,gubicma01
148,Ron Guidry*,34,NYY,AL,22,6,.786,3.27,34,33,0,11,2,0,259.0,243,104,94,28,42,3,143,0,1,3,1033,123,3.47,1.100,8.4,1.0,1.5,5.0,3.40,guidrro01
149,Bill Gullickson,26,MON,NL,14,12,.538,3.52,29,29,0,4,1,0,181.1,187,78,71,8,47,9,68,1,1,1,759,97,3.30,1.290,9.3,0.4,2.3,3.4,1.45,gullibi01
150,Dave Gumpert,27,CHC,NL,1,0,1.000,3.48,9,0,3,0,0,0,10.1,12,7,4,0,7,1,4,0,0,0,52,118,3.94,1.839,10.5,0.0,6.1,3.5,0.57,gumpeda01
151,Larry Gura*,37,TOT,MLB,0,3,.000,9.12,8,4,2,0,0,1,24.2,41,25,25,5,10,0,9,1,0,1,125,45,5.93,2.068,15.0,1.8,3.6,3.3,0.90,gurala01
152,Larry Gura*,37,KCR,AL,0,0,,12.46,3,0,2,0,0,1,4.1,7,6,6,1,4,0,2,0,0,1,23,36,7.53,2.538,14.5,2.1,8.3,4.2,0.50,gurala01
153,Larry Gura*,37,CHC,NL,0,3,.000,8.41,5,4,0,0,0,0,20.1,34,19,19,4,6,0,7,1,0,0,102,48,5.59,1.967,15.0,1.8,2.7,3.1,1.17,gurala01
154,Jose Guzman,22,TEX,AL,3,2,.600,2.76,5,5,0,0,0,0,32.2,27,13,10,3,14,1,24,0,0,1,140,155,3.69,1.255,7.4,0.8,3.9,6.6,1.71,guzmajo01
155,Moose Haas,29,MIL,AL,8,8,.500,3.84,27,26,0,6,1,0,161.2,165,85,69,21,25,3,78,1,0,2,666,108,3.89,1.175,9.2,1.2,1.4,4.3,3.12,haasmo01
156,John Habyan,21,BAL,AL,1,0,1.000,0.00,2,0,1,0,0,0,2.2,3,1,0,0,0,0,2,0,0,0,12,,1.18,1.125,10.1,0.0,0.0,6.8,,habyajo01
157,Atlee Hammaker*,27,SFG,NL,5,12,.294,3.74,29,29,0,1,1,0,170.2,161,81,71,17,47,5,100,0,4,4,713,93,3.63,1.219,8.5,0.9,2.5,5.3,2.13,hammaat01
158,Greg Harris,29,TEX,AL,5,4,.556,2.47,58,0,35,0,0,11,113.0,74,35,31,7,43,3,111,5,1,2,450,172,2.80,1.035,5.9,0.6,3.4,8.8,2.58,harrigr01
159,Andy Hassler*,33,STL,NL,0,1,.000,1.80,10,0,4,0,0,0,10.0,9,5,2,0,4,0,5,0,0,0,45,206,2.88,1.300,8.1,0.0,3.6,4.5,1.25,hasslan01
160,Brad Havens*,25,BAL,AL,0,1,.000,8.79,8,1,3,0,0,0,14.1,20,14,14,4,10,1,19,0,0,0,70,47,5.75,2.093,12.6,2.5,6.3,11.9,1.90,havenbr01
161,Andy Hawkins,25,SDP,NL,18,8,.692,3.15,33,33,0,5,2,0,228.2,229,88,80,18,65,8,69,4,3,3,953,112,4.01,1.286,9.0,0.7,2.6,2.7,1.06,hawkian01
162,Jeff Heathcock,25,HOU,NL,3,1,.750,3.36,14,7,5,1,0,1,56.1,50,25,21,9,13,0,25,1,0,2,226,104,4.62,1.118,8.0,1.4,2.1,4.0,1.92,heathje02
163,Neal Heaton*,25,CLE,AL,9,17,.346,4.90,36,33,2,5,1,0,207.2,244,119,113,19,80,2,82,7,2,2,921,85,4.34,1.560,10.6,0.8,3.5,3.6,1.03,heatone01
164,Tom Henke,27,TOR,AL,3,3,.500,2.03,28,0,22,0,0,13,40.0,29,12,9,4,8,2,42,0,0,0,153,211,2.48,0.925,6.5,0.9,1.8,9.5,5.25,henketo01
165,Dwayne Henry,23,TEX,AL,2,2,.500,2.57,16,0,10,0,0,3,21.0,16,7,6,0,7,0,20,0,0,1,86,167,1.78,1.095,6.9,0.0,3.0,8.6,2.86,henrydw01
166,Willie Hernandez*,30,DET,AL,8,10,.444,2.70,74,0,64,0,0,31,106.2,82,38,32,13,14,2,76,1,0,2,415,151,3.27,0.900,6.9,1.1,1.2,6.4,5.43,hernawi01
167,Orel Hershiser,26,LAD,NL,19,3,.864,2.03,36,34,1,9,5,0,239.2,179,72,54,8,68,5,157,6,0,5,953,171,2.73,1.031,6.7,0.3,2.6,5.9,2.31,hershor01
168,Joe Hesketh*,26,MON,NL,10,5,.667,2.49,25,25,0,2,1,0,155.1,125,52,43,10,45,2,113,0,3,3,618,138,2.94,1.094,7.2,0.6,2.6,6.5,2.51,heskejo01
169,Teddy Higuera*,27,MIL,AL,15,8,.652,3.90,32,30,2,7,2,0,212.1,186,105,92,22,63,0,127,3,3,4,874,107,3.77,1.173,7.9,0.9,2.7,5.4,2.02,higuete01
170,Al Holland*,32,TOT,MLB,1,5,.167,2.90,56,0,28,0,0,5,87.0,70,28,28,9,31,9,62,0,1,1,355,132,3.67,1.161,7.2,0.9,3.2,6.4,2.00,hollaal01
171,Al Holland*,32,TOT,NL,1,4,.200,3.45,41,0,22,0,0,5,62.2,53,24,24,5,21,8,48,0,1,0,256,106,3.19,1.181,7.6,0.7,3.0,6.9,2.29,hollaal01
172,Al Holland*,32,PHI,NL,0,1,.000,4.50,3,0,3,0,0,1,4.0,5,2,2,0,4,2,1,0,0,0,21,91,5.18,2.250,11.3,0.0,9.0,2.3,0.25,hollaal01
173,Al Holland*,32,PIT,NL,1,3,.250,3.38,38,0,19,0,0,4,58.2,48,22,22,5,17,6,47,0,1,0,235,107,3.06,1.108,7.4,0.8,2.6,7.2,2.76,hollaal01
174,Al Holland*,32,CAL,AL,0,1,.000,1.48,15,0,6,0,0,0,24.1,17,4,4,4,10,1,14,0,0,1,99,285,4.90,1.110,6.3,1.5,3.7,5.2,1.40,hollaal01
175,Brian Holton,25,LAD,NL,1,1,.500,9.00,3,0,0,0,0,0,4.0,9,7,4,0,1,0,1,0,0,1,21,43,2.93,2.500,20.3,0.0,2.3,2.3,1.00,holtobr01
176,Rick Honeycutt*,31,LAD,NL,8,12,.400,3.42,31,25,2,1,0,1,142.0,141,71,54,9,49,7,67,1,0,2,600,101,3.62,1.338,8.9,0.6,3.1,4.2,1.37,honeyri01
177,Burt Hooton,35,TEX,AL,5,8,.385,5.23,29,20,2,2,0,0,124.0,149,78,72,18,40,2,62,0,0,2,546,81,4.54,1.524,10.8,1.3,2.9,4.5,1.55,hootobu01
178,Ricky Horton*,25,STL,NL,3,2,.600,2.91,49,3,10,0,0,1,89.2,84,30,29,5,34,13,59,3,2,3,382,123,3.33,1.316,8.4,0.5,3.4,5.9,1.74,hortori01
179,Charlie Hough,37,TEX,AL,14,16,.467,3.31,34,34,0,14,1,0,250.1,198,102,92,23,83,1,141,7,3,11,1018,128,3.83,1.123,7.1,0.8,3.0,5.1,1.70,houghch01
180,Steve Howe*,27,TOT,MLB,3,4,.429,5.49,32,0,19,0,0,3,41.0,58,33,25,3,12,4,21,1,0,3,198,72,3.56,1.707,12.7,0.7,2.6,4.6,1.75,howest01
181,Steve Howe*,27,LAD,NL,1,1,.500,4.91,19,0,14,0,0,3,22.0,30,17,12,2,5,2,11,1,0,2,104,72,3.68,1.591,12.3,0.8,2.0,4.5,2.20,howest01
182,Steve Howe*,27,MIN,AL,2,3,.400,6.16,13,0,5,0,0,0,19.0,28,16,13,1,7,2,10,0,0,1,94,72,3.42,1.842,13.3,0.5,3.3,4.7,1.43,howest01
183,Jay Howell,29,OAK,AL,9,8,.529,2.85,63,0,58,0,0,29,98.0,98,32,31,5,31,3,68,1,1,4,414,135,2.94,1.316,9.0,0.5,2.8,6.2,2.19,howelja01
184,Ken Howell,24,LAD,NL,4,7,.364,3.77,56,0,31,0,0,12,86.0,66,41,36,8,35,3,85,0,2,4,356,92,3.14,1.174,6.9,0.8,3.7,8.9,2.43,howelke01
185,LaMarr Hoyt,30,SDP,NL,16,8,.667,3.47,31,31,0,8,3,0,210.1,210,85,81,20,20,2,83,2,4,0,839,102,3.44,1.094,9.0,0.9,0.9,3.6,4.15,hoytla01
186,Charles Hudson,26,PHI,NL,8,13,.381,3.78,38,26,7,3,0,0,193.0,188,92,81,23,74,7,122,1,3,4,833,98,4.13,1.358,8.8,1.1,3.5,5.7,1.65,hudsoch02
187,Phil Huffman,27,BAL,AL,0,0,,15.43,2,1,0,0,0,0,4.2,7,8,8,1,5,1,2,0,0,0,26,28,7.83,2.571,13.5,1.9,9.6,3.9,0.40,huffmph01
188,Mark Huismann,27,KCR,AL,1,0,1.000,1.93,9,0,6,0,0,0,18.2,14,4,4,1,3,0,9,0,0,0,70,217,2.90,0.911,6.8,0.5,1.4,4.3,3.00,huismma01
189,Tom Hume,32,CIN,NL,3,5,.375,3.26,56,0,15,0,0,3,80.0,65,33,29,7,35,5,50,3,1,3,331,115,4.00,1.250,7.3,0.8,3.9,5.6,1.43,humeto01
190,Bruce Hurst*,27,BOS,AL,11,13,.458,4.51,35,31,0,6,1,0,229.1,243,123,115,31,70,4,189,3,4,3,973,95,3.75,1.365,9.5,1.2,2.7,7.4,2.70,hurstbr01
191,Danny Jackson*,23,KCR,AL,14,12,.538,3.42,32,32,0,4,3,0,208.0,209,94,79,7,76,2,114,6,2,4,893,120,3.21,1.370,9.0,0.3,3.3,4.9,1.50,jacksda02
192,Roy Lee Jackson,31,SDP,NL,2,3,.400,2.70,22,2,6,0,0,2,40.0,32,13,12,4,13,1,28,1,1,0,163,132,3.63,1.125,7.2,0.9,2.9,6.3,2.15,jacksro03
193,Bob James,26,CHW,AL,8,7,.533,2.13,69,0,60,0,0,32,110.0,90,31,26,5,23,4,88,2,2,3,436,203,2.36,1.027,7.4,0.4,1.9,7.2,3.83,jamesbo01
194,Mike Jeffcoat*,25,TOT,MLB,0,2,.000,4.55,28,1,10,0,0,0,31.2,35,18,16,5,12,4,14,2,0,1,143,83,5.18,1.484,9.9,1.4,3.4,4.0,1.17,jeffcmi01
195,Mike Jeffcoat*,25,CLE,AL,0,0,,2.79,9,0,3,0,0,0,9.2,8,5,3,1,6,1,4,0,0,0,44,154,5.06,1.448,7.4,0.9,5.6,3.7,0.67,jeffcmi01
196,Mike Jeffcoat*,25,SFG,NL,0,2,.000,5.32,19,1,7,0,0,0,22.0,27,13,13,4,6,3,10,2,0,1,99,66,5.23,1.500,11.0,1.6,2.5,4.1,1.67,jeffcmi01
197,Tommy John*,42,TOT,AL,4,10,.286,5.53,23,17,2,0,0,0,86.1,117,59,53,9,28,1,25,2,0,7,397,72,4.50,1.680,12.2,0.9,2.9,2.6,0.89,johnto01
198,Tommy John*,42,CAL,AL,2,4,.333,4.70,12,6,2,0,0,0,38.1,51,22,20,3,15,1,17,1,0,5,176,89,4.07,1.722,12.0,0.7,3.5,4.0,1.13,johnto01
199,Tommy John*,42,OAK,AL,2,6,.250,6.19,11,11,0,0,0,0,48.0,66,37,33,6,13,0,8,1,0,2,221,62,4.85,1.646,12.4,1.1,2.4,1.5,0.62,johnto01
200,Joe Johnson,23,ATL,NL,4,4,.500,4.10,15,14,0,1,0,0,85.2,95,44,39,9,24,5,34,3,0,2,367,94,4.20,1.389,10.0,0.9,2.5,3.6,1.42,johnsjo05
201,Al Jones,26,CHW,AL,1,0,1.000,1.50,5,0,1,0,0,0,6.0,3,2,1,0,3,0,2,0,0,0,21,305,3.52,1.000,4.5,0.0,4.5,3.0,0.67,jonesal02
202,Mike Jones*,25,KCR,AL,3,3,.500,4.78,33,1,16,0,0,0,64.0,62,40,34,6,39,4,32,0,0,1,290,86,4.73,1.578,8.7,0.8,5.5,4.5,0.82,jonesmi02
203,Jeff Kaiser*,24,OAK,AL,0,0,,14.58,15,0,4,0,0,0,16.2,25,32,27,6,20,2,10,1,0,2,97,27,9.94,2.700,13.5,3.2,10.8,5.4,0.50,kaiseje01
204,Matt Keough,29,STL,NL,0,1,.000,4.50,4,1,0,0,0,0,10.0,10,5,5,0,4,1,10,1,0,0,43,83,2.18,1.400,9.0,0.0,3.6,9.0,2.50,keougma02
205,Kurt Kepshire,25,STL,NL,10,9,.526,4.75,32,29,0,0,0,0,153.1,155,89,81,16,71,3,67,0,2,6,671,75,4.56,1.474,9.1,0.9,4.2,3.9,0.94,kepshku01
206,Charlie Kerfeld,21,HOU,NL,4,2,.667,4.06,11,6,2,0,0,0,44.1,44,22,20,2,25,2,30,0,0,1,193,86,3.61,1.556,8.9,0.4,5.1,6.1,1.20,kerfech01
207,Jim Kern,36,MIL,AL,0,1,.000,6.55,5,0,1,0,0,0,11.0,14,8,8,1,5,1,3,0,0,3,50,66,4.68,1.727,11.5,0.8,4.1,2.5,0.60,kernji01
208,Jimmy Key*,24,TOR,AL,14,6,.700,3.00,35,32,0,3,0,0,212.2,188,77,71,22,50,1,85,2,1,6,856,141,3.96,1.119,8.0,0.9,2.1,3.6,1.70,keyji01
209,Bob Kipper*,20,TOT,MLB,1,3,.250,7.07,7,5,1,0,0,0,28.0,28,24,22,5,10,0,13,0,0,0,124,53,5.15,1.357,9.0,1.6,3.2,4.2,1.30,kippebo01
210,Bob Kipper*,20,CAL,AL,0,1,.000,21.60,2,1,0,0,0,0,3.1,7,8,8,1,3,0,0,0,0,0,20,21,9.28,3.000,18.9,2.7,8.1,0.0,0.00,kippebo01
211,Bob Kipper*,20,PIT,NL,1,2,.333,5.11,5,4,1,0,0,0,24.2,21,16,14,4,7,0,13,0,0,0,104,72,4.59,1.135,7.7,1.5,2.6,4.7,1.86,kippebo01
212,Bruce Kison,35,BOS,AL,5,3,.625,4.11,22,9,5,0,0,1,92.0,98,43,42,9,32,4,56,1,0,1,398,104,3.81,1.413,9.6,0.9,3.1,5.5,1.75,kisonbr01
213,Tom Klawitter*,27,MIN,AL,0,0,,6.75,7,2,3,0,0,0,9.1,7,7,7,2,13,0,5,0,0,3,45,67,8.58,2.143,6.8,1.9,12.5,4.8,0.38,klawito01
214,Bob Knepper*,31,HOU,NL,15,13,.536,3.55,37,37,0,4,0,0,241.0,253,119,95,21,54,5,131,3,0,4,1016,98,3.44,1.274,9.4,0.8,2.0,4.9,2.43,kneppbo01
215,Mark Knudson,24,HOU,NL,0,2,.000,9.00,2,2,0,0,0,0,11.0,21,11,11,0,3,0,4,0,0,0,53,40,2.77,2.182,17.2,0.0,2.5,3.3,1.33,knudsma01
216,Jerry Koosman*,42,PHI,NL,6,4,.600,4.62,19,18,0,3,1,0,99.1,107,56,51,14,34,3,60,3,2,2,433,81,4.43,1.419,9.7,1.3,3.1,5.4,1.76,koosmje01
217,Ray Krawczyk,25,PIT,NL,0,2,.000,14.04,8,0,3,0,0,0,8.1,20,13,13,1,6,3,9,1,0,1,51,27,4.60,3.120,21.6,1.1,6.5,9.7,1.50,krawcra01
218,Bill Krueger*,27,OAK,AL,9,10,.474,4.52,32,23,4,2,0,0,151.1,165,95,76,13,69,1,56,2,3,6,674,85,4.47,1.546,9.8,0.8,4.1,3.3,0.81,kruegbi01
219,Mike Krukow,33,SFG,NL,8,11,.421,3.38,28,28,0,6,1,0,194.2,176,80,73,19,49,10,150,3,3,10,804,103,3.21,1.156,8.1,0.9,2.3,6.9,3.06,krukomi01
220,Mike LaCoss,29,KCR,AL,1,1,.500,5.09,21,0,7,0,0,1,40.2,49,25,23,2,29,6,26,0,0,2,193,81,4.18,1.918,10.8,0.4,6.4,5.8,0.90,lacosmi01
221,Pete Ladd,28,MIL,AL,0,0,,4.53,29,0,13,0,0,2,45.2,58,26,23,5,10,0,22,2,0,1,202,92,3.93,1.489,11.4,1.0,2.0,4.3,2.20,laddpe01
222,Jeff Lahti,28,STL,NL,5,2,.714,1.84,52,0,31,0,0,19,68.1,63,15,14,3,26,10,41,0,0,1,279,194,3.20,1.302,8.3,0.4,3.4,5.4,1.58,lahtije01
223,Dennis Lamp,32,TOR,AL,11,0,1.000,3.32,53,1,11,0,0,2,105.2,96,42,39,7,27,3,68,0,0,5,426,128,3.02,1.164,8.2,0.6,2.3,5.8,2.52,lampde01
224,Rick Langford,33,OAK,AL,3,5,.375,3.51,23,3,7,0,0,0,59.0,60,24,23,8,15,2,21,0,0,2,247,110,4.50,1.271,9.2,1.2,2.3,3.2,1.40,langfri01
225,Mark Langston*,24,SEA,AL,7,14,.333,5.47,24,24,0,2,0,0,126.2,122,85,77,22,91,2,72,2,3,3,577,77,6.01,1.682,8.7,1.6,6.5,5.1,0.79,langsma01
226,Dave LaPoint*,25,SFG,NL,7,17,.292,3.57,31,31,0,2,1,0,206.2,215,99,82,18,74,6,122,0,0,10,886,97,3.71,1.398,9.4,0.8,3.2,5.3,1.65,lapoida01
227,Bill Laskey,27,TOT,NL,5,16,.238,4.91,30,26,3,0,0,0,148.1,165,91,81,19,53,1,60,2,1,3,656,71,4.65,1.470,10.0,1.2,3.2,3.6,1.13,laskebi01
228,Bill Laskey,27,SFG,NL,5,11,.313,3.55,19,19,0,0,0,0,114.0,110,55,45,10,39,0,42,0,1,2,485,98,4.11,1.307,8.7,0.8,3.1,3.3,1.08,laskebi01
229,Bill Laskey,27,MON,NL,0,5,.000,9.44,11,7,3,0,0,0,34.1,55,36,36,9,14,1,18,2,0,1,171,37,6.44,2.010,14.4,2.4,3.7,4.7,1.29,laskebi01
230,Bill Latham*,24,NYM,NL,1,3,.250,3.97,7,3,1,0,0,0,22.2,21,10,10,1,7,1,10,0,1,1,93,90,3.30,1.235,8.3,0.4,2.8,4.0,1.43,lathabi01
231,Gary Lavelle*,36,TOR,AL,5,7,.417,3.10,69,0,19,0,0,8,72.2,54,30,25,5,36,5,50,0,1,0,298,137,3.69,1.239,6.7,0.6,4.5,6.2,1.39,lavelga01
232,Jack Lazorko,29,SEA,AL,0,0,,3.54,15,0,4,0,0,1,20.1,23,10,8,1,8,1,7,3,0,0,92,120,4.26,1.525,10.2,0.4,3.5,3.1,0.88,lazorja01
233,Terry Leach,31,NYM,NL,3,4,.429,2.91,22,4,4,1,1,1,55.2,48,19,18,3,14,3,30,1,0,0,226,121,3.12,1.114,7.8,0.5,2.3,4.9,2.14,leachte01
234,Luis Leal,28,TOR,AL,3,6,.333,5.75,15,14,1,0,0,0,67.1,82,46,43,13,24,3,33,3,1,3,303,74,5.42,1.574,11.0,1.7,3.2,4.4,1.38,leallu01
235,Tim Leary,26,MIL,AL,1,4,.200,4.05,5,5,0,0,0,0,33.1,40,18,15,5,8,0,29,1,0,1,146,104,3.70,1.440,10.8,1.4,2.2,7.8,3.63,learyti01
236,Craig Lefferts*,27,SDP,NL,7,6,.538,3.35,60,0,24,0,0,2,83.1,75,34,31,7,30,4,48,0,0,2,345,106,3.70,1.260,8.1,0.8,3.2,5.2,1.60,leffecr01
237,Charlie Leibrandt*,28,KCR,AL,17,9,.654,2.69,33,33,0,8,3,0,237.2,223,86,71,17,68,3,108,2,3,4,983,153,3.59,1.224,8.4,0.6,2.6,4.1,1.59,leibrch01
238,Dennis Leonard,34,KCR,AL,0,0,,0.00,2,0,1,0,0,0,2.0,1,0,0,0,0,0,1,0,0,0,7,,1.68,0.500,4.5,0.0,0.0,4.5,,leonade01
239,Brad Lesley,26,MIL,AL,1,0,1.000,9.95,5,0,0,0,0,0,6.1,8,7,7,2,2,0,5,0,0,0,29,44,6.16,1.579,11.4,2.8,2.8,7.1,2.50,leslebr01
240,Jim Lewis,29,SEA,AL,0,1,.000,7.71,2,1,0,0,0,0,4.2,8,4,4,1,1,0,1,2,0,0,23,59,6.97,1.929,15.4,1.9,1.9,1.9,1.00,lewisji01
241,Tim Lollar*,29,TOT,AL,8,10,.444,4.62,34,23,7,1,0,1,150.0,140,85,77,19,98,1,105,2,2,10,669,93,4.93,1.587,8.4,1.1,5.9,6.3,1.07,lollati01
242,Tim Lollar*,29,CHW,AL,3,5,.375,4.66,18,13,3,0,0,0,83.0,83,48,43,10,58,1,61,1,2,5,378,93,4.91,1.699,9.0,1.1,6.3,6.6,1.05,lollati01
243,Tim Lollar*,29,BOS,AL,5,5,.500,4.57,16,10,4,1,0,1,67.0,57,37,34,9,40,0,44,1,0,5,291,94,4.95,1.448,7.7,1.2,5.4,5.9,1.10,lollati01
244,Bill Long,25,CHW,AL,0,1,.000,10.29,4,3,1,0,0,0,14.0,25,17,16,4,5,2,13,0,0,1,71,43,5.61,2.143,16.1,2.6,3.2,8.4,2.60,longbi01
245,Bob Long,30,SEA,AL,0,0,,3.76,28,0,13,0,0,0,38.1,30,17,16,7,17,1,29,2,0,2,162,113,5.03,1.226,7.0,1.6,4.0,6.8,1.71,longbo01
246,Aurelio Lopez,36,DET,AL,3,7,.300,4.80,51,0,22,0,0,5,86.1,82,50,46,15,41,9,53,1,0,4,379,85,5.17,1.425,8.5,1.6,4.3,5.5,1.29,lopezau01
247,Gary Lucas*,30,MON,NL,6,2,.750,3.19,49,0,18,0,0,1,67.2,63,29,24,6,24,8,31,0,0,5,284,108,3.98,1.286,8.4,0.8,3.2,4.1,1.29,lucasga01
248,Urbano Lugo,22,CAL,AL,3,4,.429,3.69,20,10,5,1,0,0,83.0,86,36,34,10,29,1,42,4,0,2,351,113,4.43,1.386,9.3,1.1,3.1,4.6,1.45,lugour01
249,Ed Lynch,29,NYM,NL,10,8,.556,3.44,31,29,1,6,1,0,191.0,188,76,73,19,27,1,65,1,0,0,777,102,3.74,1.126,8.9,0.9,1.3,3.1,2.41,lynched01
250,Rick Lysander,32,MIN,AL,0,2,.000,6.05,35,1,9,0,0,3,61.0,72,43,41,3,22,2,26,0,0,9,262,72,3.55,1.541,10.6,0.4,3.2,3.8,1.18,lysanri01
251,Tony Mack,24,CAL,AL,0,1,.000,15.43,1,1,0,0,0,0,2.1,8,4,4,0,0,0,0,0,0,0,14,31,2.68,3.429,30.9,0.0,0.0,0.0,,mackto01
252,Mike Madden*,28,HOU,NL,0,0,,4.26,13,0,4,0,0,0,19.0,29,15,9,1,11,0,16,0,0,1,92,83,3.42,2.105,13.7,0.5,5.2,7.6,1.45,maddemi01
253,Mickey Mahler*,32,TOT,MLB,2,6,.250,3.00,12,9,2,1,1,1,69.0,59,30,23,5,28,3,46,1,0,7,287,122,3.55,1.261,7.7,0.7,3.7,6.0,1.64,mahlemi01
254,Mickey Mahler*,32,MON,NL,1,4,.200,3.54,9,7,2,1,1,1,48.1,40,22,19,3,24,1,32,1,0,3,203,98,3.72,1.324,7.4,0.6,4.5,6.0,1.33,mahlemi01
255,Mickey Mahler*,32,DET,AL,1,2,.333,1.74,3,2,0,0,0,0,20.2,19,8,4,2,4,2,14,0,0,4,84,238,3.17,1.113,8.3,0.9,1.7,6.1,3.50,mahlemi01
256,Rick Mahler,31,ATL,NL,17,15,.531,3.48,39,39,0,6,1,0,266.2,272,116,103,24,79,8,107,2,1,3,1110,110,3.96,1.316,9.2,0.8,2.7,3.6,1.35,mahleri01
257,Dennis Martinez,31,BAL,AL,13,11,.542,5.15,33,31,1,3,1,0,180.0,203,110,103,29,63,3,68,9,1,4,789,78,5.22,1.478,10.2,1.5,3.2,3.4,1.08,martide01
258,Tippy Martinez*,35,BAL,AL,3,3,.500,5.40,49,0,20,0,0,4,70.0,70,48,42,8,37,8,47,0,0,5,312,75,4.41,1.529,9.0,1.0,4.8,6.0,1.27,martiti01
259,Mike Mason*,26,TEX,AL,8,15,.348,4.83,38,30,1,1,1,0,179.0,212,113,96,22,73,4,92,3,1,4,800,88,4.53,1.592,10.7,1.1,3.7,4.6,1.26,masonmi01
260,Roger Mason,27,SFG,NL,1,3,.250,2.12,5,5,0,1,1,0,29.2,28,13,7,1,11,1,26,0,0,0,128,165,2.48,1.315,8.5,0.3,3.3,7.9,2.36,masonro01
261,Ron Mathis,26,HOU,NL,3,5,.375,6.04,23,8,5,0,0,1,70.0,83,54,47,7,27,1,34,1,0,1,319,58,4.21,1.571,10.7,0.9,3.5,4.4,1.26,mathiro01
262,Tom McCarthy,24,BOS,AL,0,0,,10.80,3,0,2,0,0,0,5.0,7,6,6,1,4,0,2,0,0,1,25,42,6.88,2.200,12.6,1.8,7.2,3.6,0.50,mccarto03
263,Kirk McCaskill,24,CAL,AL,12,12,.500,4.70,30,29,0,6,1,0,189.2,189,105,99,23,64,1,102,4,0,5,807,88,4.26,1.334,9.0,1.1,3.0,4.8,1.59,mccaski01
264,Steve McCatty,31,OAK,AL,4,4,.500,5.57,30,9,8,1,0,0,85.2,95,56,53,10,41,4,36,4,0,1,383,69,4.94,1.588,10.0,1.1,4.3,3.8,0.88,mccatst01
265,Bob McClure*,33,MIL,AL,4,1,.800,4.31,38,1,12,0,0,3,85.2,91,43,41,10,30,2,57,3,0,5,370,97,4.03,1.412,9.6,1.1,3.2,6.0,1.90,mcclubo01
266,Lance McCullers,21,SDP,NL,0,2,.000,2.31,21,0,11,0,0,5,35.0,23,15,9,3,16,3,27,1,1,0,142,154,3.71,1.114,5.9,0.8,4.1,6.9,1.69,mcculla01
267,Roger McDowell,24,NYM,NL,6,5,.545,2.83,62,2,36,0,0,17,127.1,108,43,40,9,37,8,70,1,2,6,516,124,3.40,1.139,7.6,0.6,2.6,4.9,1.89,mcdowro01
268,Andy McGaffigan,28,CIN,NL,3,3,.500,3.72,15,15,0,2,0,0,94.1,88,40,39,4,30,4,83,2,0,2,392,101,2.49,1.251,8.4,0.4,2.9,7.9,2.77,mcgafan01
269,Scott McGregor*,31,BAL,AL,14,14,.500,4.81,35,34,0,8,1,0,204.0,226,118,109,34,65,2,86,1,1,2,884,84,4.98,1.426,10.0,1.5,2.9,3.8,1.32,mcgresc01
270,Craig McMurtry,25,ATL,NL,0,3,.000,6.60,17,6,3,0,0,1,45.0,56,36,33,6,27,1,28,1,0,3,220,58,5.04,1.844,11.2,1.2,5.4,5.6,1.04,mcmurcr01
271,Larry McWilliams*,31,PIT,NL,7,9,.438,4.70,30,19,2,2,0,0,126.1,139,70,66,9,62,11,52,7,0,4,568,77,4.43,1.591,9.9,0.6,4.4,3.7,0.84,mcwilla01
272,Ron Meridith*,28,CHC,NL,3,2,.600,4.47,32,0,8,0,0,1,46.1,53,24,23,3,24,6,23,1,0,0,209,89,4.15,1.662,10.3,0.6,4.7,4.5,0.96,meridro01
273,Greg Minton,33,SFG,NL,5,4,.556,3.54,68,0,36,0,0,4,96.2,98,42,38,6,54,18,37,0,0,2,424,98,4.40,1.572,9.1,0.6,5.0,3.4,0.69,mintogr01
274,Paul Mirabella*,31,SEA,AL,0,0,,1.32,10,0,1,0,0,0,13.2,9,4,2,0,4,1,8,2,0,0,57,327,2.83,0.951,5.9,0.0,2.6,5.3,2.00,mirabpa01
275,Charlie Mitchell,23,BOS,AL,0,0,,16.20,2,0,0,0,0,0,1.2,5,3,3,1,0,0,2,0,0,0,10,32,8.08,3.000,27.0,5.4,0.0,10.8,,mitchch01
276,John Montefusco,35,NYY,AL,0,0,,10.29,3,1,1,0,0,0,7.0,12,8,8,3,2,0,2,0,0,0,34,41,8.54,2.000,15.4,3.9,2.6,2.6,1.00,montejo01
277,Bobby Moore,26,SFG,NL,0,0,,3.24,11,0,4,0,0,0,16.2,18,6,6,1,10,2,10,0,1,0,78,109,4.06,1.680,9.7,0.5,5.4,5.4,1.00,moorebo01
278,Donnie Moore,31,CAL,AL,8,8,.500,1.92,65,0,57,0,0,31,103.0,91,28,22,9,21,3,72,0,0,2,417,217,3.03,1.087,8.0,0.8,1.8,6.3,3.43,mooredo01
279,Mike Moore,25,SEA,AL,17,10,.630,3.46,35,34,1,14,2,0,247.0,230,100,95,18,70,2,155,4,3,10,1016,121,3.28,1.215,8.4,0.7,2.6,5.6,2.21,mooremi01
280,Mike Morgan,25,SEA,AL,1,1,.500,12.00,2,2,0,0,0,0,6.0,11,8,8,2,5,0,2,0,0,1,33,37,8.85,2.667,16.5,3.0,7.5,3.0,0.40,morgami01
281,Jack Morris,30,DET,AL,16,11,.593,3.33,35,35,0,13,4,0,257.0,212,102,95,21,110,7,191,5,3,15,1077,122,3.60,1.253,7.4,0.7,3.9,6.7,1.74,morrija02
282,Steve Mura,30,OAK,AL,1,1,.500,4.13,23,1,10,0,0,1,48.0,41,25,22,3,25,4,29,0,0,0,209,93,3.85,1.375,7.7,0.6,4.7,5.4,1.16,murast01
283,Rob Murphy*,25,CIN,NL,0,0,,6.00,2,0,2,0,0,0,3.0,2,2,2,1,2,0,1,0,0,0,12,71,8.35,1.333,6.0,3.0,6.0,3.0,0.50,murphro01
284,Dale Murray,35,TOT,AL,0,0,,15.00,4,0,2,0,0,0,3.0,7,5,5,0,0,0,0,0,0,1,15,34,2.68,2.333,21.0,0.0,0.0,0.0,,murrada01
285,Dale Murray,35,NYY,AL,0,0,,13.50,3,0,2,0,0,0,2.0,4,3,3,0,0,0,0,0,0,1,10,35,2.68,2.000,18.0,0.0,0.0,0.0,,murrada01
286,Dale Murray,35,TEX,AL,0,0,,18.00,1,0,0,0,0,0,1.0,3,2,2,0,0,0,0,0,0,0,5,32,2.68,3.000,27.0,0.0,0.0,0.0,,murrada01
287,Ron Musselman,30,TOR,AL,3,0,1.000,4.47,25,4,9,0,0,0,52.1,59,28,26,2,24,2,29,0,0,3,236,95,3.45,1.586,10.1,0.3,4.1,5.0,1.21,mussero01
288,Randy Myers*,22,NYM,NL,0,0,,0.00,1,0,1,0,0,0,2.0,0,0,0,0,1,0,2,0,0,0,7,,2.18,0.500,0.0,0.0,4.5,9.0,2.00,myersra01
289,Gene Nelson,24,CHW,AL,10,10,.500,4.26,46,18,11,1,0,2,145.2,144,74,69,23,67,4,101,7,1,11,643,101,4.87,1.449,8.9,1.4,4.1,6.2,1.51,nelsoge01
290,Tom Niedenfuer,25,LAD,NL,7,9,.438,2.71,64,0,43,0,0,19,106.1,86,32,32,6,24,5,102,1,0,0,415,128,2.20,1.034,7.3,0.5,2.0,8.6,4.25,niedeto01
291,Joe Niekro,40,TOT,MLB,11,13,.458,3.83,35,35,0,4,1,0,225.1,211,108,96,24,107,6,121,5,1,21,983,91,4.49,1.411,8.4,1.0,4.3,4.8,1.13,niekrjo01
292,Joe Niekro,40,HOU,NL,9,12,.429,3.72,32,32,0,4,1,0,213.0,197,100,88,21,99,6,117,5,1,21,925,93,4.33,1.390,8.3,0.9,4.2,4.9,1.18,niekrjo01
293,Joe Niekro,40,NYY,AL,2,1,.667,5.84,3,3,0,0,0,0,12.1,14,8,8,3,8,0,4,0,0,0,58,71,7.14,1.784,10.2,2.2,5.8,2.9,0.50,niekrjo01
294,Phil Niekro,46,NYY,AL,16,12,.571,4.09,33,33,0,7,1,0,220.0,203,110,100,29,120,1,149,2,2,5,955,99,4.71,1.468,8.3,1.2,4.9,6.1,1.24,niekrph01
295,Randy Niemann*,29,NYM,NL,0,0,,0.00,4,0,0,0,0,0,4.2,5,0,0,0,0,0,2,0,0,0,18,,1.83,1.071,9.6,0.0,0.0,3.9,,niemara01
296,Al Nipper,26,BOS,AL,9,12,.429,4.06,25,25,0,5,0,0,162.0,157,83,73,14,82,3,85,9,1,3,713,106,4.44,1.475,8.7,0.8,4.6,4.7,1.04,nippeal01
297,Dickie Noles,28,TEX,AL,4,8,.333,5.06,28,13,3,0,0,1,110.1,129,67,62,11,33,1,59,6,0,1,488,84,3.97,1.468,10.5,0.9,2.7,4.8,1.79,nolesdi01
298,Ed Nunez,22,SEA,AL,7,3,.700,3.09,70,0,53,0,0,16,90.1,79,36,31,13,34,5,58,0,1,2,378,136,4.40,1.251,7.9,1.3,3.4,5.8,1.71,nunezed01
299,Jack O'Connor*,27,MON,NL,0,2,.000,4.94,20,1,7,0,0,0,23.2,21,14,13,1,13,7,16,0,1,1,106,70,3.53,1.437,8.0,0.4,4.9,6.1,1.23,o'conja02
300,Randy O'Neal,24,DET,AL,5,5,.500,3.24,28,12,8,1,0,1,94.1,82,42,34,8,36,3,52,2,0,5,388,126,3.89,1.251,7.8,0.8,3.4,5.0,1.44,o'neara01
301,Bob Ojeda*,27,BOS,AL,9,11,.450,4.00,39,22,10,5,0,1,157.2,166,74,70,11,48,9,102,2,3,3,671,107,3.25,1.357,9.5,0.6,2.7,5.8,2.13,ojedabo01
302,Steve Ontiveros,24,OAK,AL,1,3,.250,1.93,39,0,18,0,0,8,74.2,45,17,16,4,19,2,36,2,0,1,284,199,3.26,0.857,5.4,0.5,2.3,4.3,1.89,ontivst02
303,Jesse Orosco*,28,NYM,NL,8,6,.571,2.73,54,0,39,0,0,17,79.0,66,26,24,6,34,7,68,0,0,4,331,128,3.24,1.266,7.5,0.7,3.9,7.7,2.00,oroscje01
304,David Palmer,27,MON,NL,7,10,.412,3.71,24,23,0,0,0,0,135.2,128,60,56,5,67,5,106,3,0,9,588,92,3.15,1.437,8.5,0.3,4.4,7.0,1.58,palmeda01
305,Frank Pastore,27,CIN,NL,2,1,.667,3.83,17,6,3,1,0,0,54.0,60,23,23,1,16,1,29,1,0,2,232,98,2.80,1.407,10.0,0.2,2.7,4.8,1.81,pastofr01
306,Bob Patterson*,26,SDP,NL,0,0,,24.75,3,0,2,0,0,0,4.0,13,11,11,2,3,0,1,0,1,0,26,16,10.93,4.000,29.3,4.5,6.8,2.3,0.33,pattebo01
307,Reggie Patterson,26,CHC,NL,3,0,1.000,3.00,8,5,0,1,0,0,39.0,36,13,13,2,10,1,17,0,0,1,157,133,3.25,1.179,8.3,0.5,2.3,3.9,1.70,pattere01
308,Alejandro Pena,26,LAD,NL,0,1,.000,8.31,2,1,0,0,0,0,4.1,7,5,4,1,3,1,2,0,0,0,23,46,6.84,2.308,14.5,2.1,6.2,4.2,0.67,penaal01
309,Pascual Perez,28,ATL,NL,1,13,.071,6.14,22,22,0,0,0,0,95.1,115,72,65,10,57,10,57,1,2,2,453,62,4.68,1.804,10.9,0.9,5.4,5.4,1.00,perezpa01
310,Jon Perlman,28,CHC,NL,1,0,1.000,11.42,6,0,1,0,0,0,8.2,10,11,11,3,8,2,4,0,0,1,42,36,9.03,2.077,10.4,3.1,8.3,4.2,0.50,perlmjo01
311,Pat Perry*,26,STL,NL,1,0,1.000,0.00,6,0,1,0,0,0,12.1,3,0,0,0,3,1,6,0,0,1,42,,2.44,0.486,2.2,0.0,2.2,4.4,2.00,perrypa02
312,Dan Petry,26,DET,AL,15,13,.536,3.36,34,34,0,8,0,0,238.2,190,98,89,24,81,9,109,3,0,6,962,121,4.13,1.135,7.2,0.9,3.1,4.1,1.35,petryda01
313,Chuck Porter,30,MIL,AL,0,0,,1.98,6,1,1,0,0,0,13.2,15,8,3,1,2,0,8,0,0,0,58,216,2.90,1.244,9.9,0.7,1.3,5.3,4.00,portech01
314,Mark Portugal,22,MIN,AL,1,3,.250,5.55,6,4,0,0,0,0,24.1,24,16,15,3,14,0,12,0,1,1,105,80,5.03,1.562,8.9,1.1,5.2,4.4,0.86,portuma01
315,Dennis Powell*,21,LAD,NL,1,1,.500,5.22,16,2,6,0,0,1,29.1,30,19,17,7,13,3,19,1,0,3,133,67,5.92,1.466,9.2,2.1,4.0,5.8,1.46,powelde01
316,Ted Power,30,CIN,NL,8,6,.571,2.70,64,0,50,0,0,27,80.0,65,27,24,2,45,8,42,1,0,1,342,139,3.68,1.375,7.3,0.2,5.1,4.7,0.93,powerte01
317,Joe Price*,28,CIN,NL,2,2,.500,3.90,26,8,5,0,0,1,64.2,59,35,28,10,23,7,52,0,0,2,274,97,4.15,1.268,8.2,1.4,3.2,7.2,2.26,pricejo02
318,Dan Quisenberry,32,KCR,AL,8,9,.471,2.37,84,0,76,0,0,37,129.0,142,41,34,8,16,5,54,1,0,0,532,174,3.05,1.225,9.9,0.6,1.1,3.8,3.38,quiseda01
319,Dennis Rasmussen*,26,NYY,AL,3,5,.375,3.98,22,16,1,2,0,0,101.2,97,56,45,10,42,1,63,1,1,3,429,101,3.99,1.367,8.6,0.9,3.7,5.6,1.50,rasmude01
320,Shane Rawley*,29,PHI,NL,13,8,.619,3.31,36,31,1,6,2,0,198.2,188,82,73,16,81,6,106,2,0,7,849,112,3.92,1.354,8.5,0.7,3.7,4.8,1.31,rawlesh01
321,Jeff Reardon,29,MON,NL,2,8,.200,3.18,63,0,50,0,0,41,87.2,68,31,31,7,26,4,67,1,0,2,356,108,3.12,1.072,7.0,0.7,2.7,6.9,2.58,reardje01
322,Jerry Reed,29,CLE,AL,3,5,.375,4.11,33,5,19,0,0,8,72.1,67,41,33,12,19,2,37,3,0,4,301,102,4.73,1.189,8.3,1.5,2.4,4.6,1.95,reedje01
323,Rick Reuschel,36,PIT,NL,14,8,.636,2.27,31,26,4,9,1,1,194.0,153,58,49,7,52,10,138,3,0,4,773,159,2.58,1.057,7.1,0.3,2.4,6.4,2.65,reuscri01
324,Jerry Reuss*,36,LAD,NL,14,10,.583,2.92,34,33,0,5,3,0,212.2,210,78,69,13,58,7,84,3,0,5,883,119,3.55,1.260,8.9,0.6,2.5,3.6,1.45,reussje01
325,Rick Rhoden,32,PIT,NL,10,15,.400,4.47,35,35,0,2,0,0,213.1,254,119,106,18,69,3,128,6,3,8,944,81,3.64,1.514,10.7,0.8,2.9,5.4,1.86,rhoderi01
326,Dave Righetti*,26,NYY,AL,12,7,.632,2.78,74,0,60,0,0,29,107.0,96,36,33,5,45,3,92,0,0,7,452,146,2.83,1.318,8.1,0.4,3.8,7.7,2.04,righeda01
327,Jose Rijo,20,OAK,AL,6,4,.600,3.53,12,9,1,0,0,0,63.2,57,26,25,6,28,2,65,1,0,0,272,109,3.23,1.335,8.1,0.8,4.0,9.2,2.32,rijojo01
328,Bert Roberge,30,MON,NL,3,3,.500,3.44,42,0,15,0,0,2,68.0,58,28,26,5,22,5,34,2,5,1,280,100,3.70,1.176,7.7,0.7,2.9,4.5,1.55,roberbe01
329,Don Robinson,28,PIT,NL,5,11,.313,3.87,44,6,22,0,0,3,95.1,95,49,41,6,42,11,65,2,0,2,418,93,3.52,1.437,9.0,0.6,4.0,6.1,1.55,robindo01
330,Jeff Robinson,24,SFG,NL,0,0,,5.11,8,0,0,0,0,0,12.1,16,11,7,2,10,1,8,0,0,1,59,70,5.93,2.108,11.7,1.5,7.3,5.8,0.80,robinje01
331,Ron Robinson,23,CIN,NL,7,7,.500,3.99,33,12,9,0,0,1,108.1,107,53,48,11,32,3,76,1,0,3,453,94,3.51,1.283,8.9,0.9,2.7,6.3,2.38,robinro01
332,Steve Rogers,35,MON,NL,2,4,.333,5.68,8,7,1,1,0,0,38.0,51,25,24,1,20,1,18,0,1,0,179,61,3.66,1.868,12.1,0.2,4.7,4.3,0.90,rogerst01
333,Jose Roman,22,CLE,AL,0,4,.000,6.61,5,3,1,0,0,0,16.1,13,17,12,3,14,0,12,0,1,1,79,64,6.17,1.653,7.2,1.7,7.7,6.6,0.86,romanjo02
334,Ron Romanick,24,CAL,AL,14,9,.609,4.11,31,31,0,6,1,0,195.0,210,101,89,29,62,1,64,4,3,2,831,101,4.98,1.395,9.7,1.3,2.9,3.0,1.03,romanro01
335,Ramon Romero*,26,CLE,AL,2,3,.400,6.58,19,10,5,0,0,0,64.1,69,48,47,13,38,0,38,5,0,6,295,63,6.13,1.663,9.7,1.8,5.3,5.3,1.00,romerra01
336,Mark Ross,30,HOU,NL,0,2,.000,4.85,8,0,4,0,0,1,13.0,12,7,7,2,2,0,3,0,0,2,52,74,4.68,1.077,8.3,1.4,1.4,2.1,1.50,rossma01
337,Dave Rozema,28,TEX,AL,3,7,.300,4.19,34,4,16,0,0,7,88.0,100,45,41,10,22,3,42,2,0,1,374,101,4.02,1.386,10.2,1.0,2.3,4.3,1.91,rozemda01
338,Dave Rucker*,27,PHI,NL,3,2,.600,4.31,39,3,11,0,0,1,79.1,83,42,38,6,40,6,41,2,0,2,350,86,4.22,1.550,9.4,0.7,4.5,4.7,1.03,ruckeda01
339,Vern Ruhle,34,CLE,AL,2,10,.167,4.32,42,16,7,1,0,3,125.0,139,65,60,16,30,6,54,2,0,2,532,96,4.25,1.352,10.0,1.2,2.2,3.9,1.80,ruhleve01
340,Jeff Russell,23,TEX,AL,3,6,.333,7.55,13,13,0,0,0,0,62.0,85,55,52,10,27,1,44,2,0,2,295,56,4.76,1.806,12.3,1.5,3.9,6.4,1.63,russeje01
341,Dick Ruthven,34,CHC,NL,4,7,.364,4.53,20,15,3,0,0,0,87.1,103,49,44,6,37,3,26,0,0,0,392,88,4.25,1.603,10.6,0.6,3.8,2.7,0.70,ruthvdi01
342,Nolan Ryan,38,HOU,NL,10,12,.455,3.80,35,35,0,4,0,0,232.0,205,108,98,12,95,8,209,9,2,14,983,91,2.90,1.293,8.0,0.5,3.7,8.1,2.20,ryanno01
343,Bret Saberhagen,21,KCR,AL,20,6,.769,2.87,32,32,0,10,1,0,235.1,211,79,75,19,38,1,158,1,3,1,931,143,2.89,1.058,8.1,0.7,1.5,6.0,4.16,saberbr01
344,Joe Sambito*,33,NYM,NL,0,0,,12.66,8,0,2,0,0,0,10.2,21,18,15,1,8,0,3,0,0,0,60,29,5.59,2.719,17.7,0.8,6.8,2.5,0.38,sambijo01
345,Luis Sanchez,31,CAL,AL,2,0,1.000,5.72,26,0,16,0,0,2,61.1,67,41,39,9,27,3,34,1,0,2,268,73,4.85,1.533,9.8,1.3,4.0,5.0,1.26,sanchlu01
346,Scott Sanderson,28,CHC,NL,5,6,.455,3.12,19,19,0,2,0,0,121.0,100,49,42,13,27,4,80,0,0,1,480,127,3.43,1.050,7.4,1.0,2.0,6.0,2.96,sandesc01
347,Dan Schatzeder*,30,MON,NL,3,5,.375,3.80,24,15,2,1,0,0,104.1,101,52,44,13,31,0,64,0,0,4,431,90,3.97,1.265,8.7,1.1,2.7,5.5,2.06,schatda01
348,Bill Scherrer*,27,DET,AL,3,2,.600,4.36,48,0,14,0,0,0,66.0,62,35,32,10,41,13,46,1,0,5,299,94,5.17,1.561,8.5,1.4,5.6,6.3,1.12,scherbi01
349,Calvin Schiraldi,23,NYM,NL,2,1,.667,8.89,10,4,2,0,0,0,26.1,43,27,26,4,11,0,21,3,1,2,131,40,4.66,2.051,14.7,1.4,3.8,7.2,1.91,schirca01
350,Dave Schmidt,28,TEX,AL,7,6,.538,3.15,51,4,35,1,1,5,85.2,81,36,30,6,22,8,46,0,1,2,356,135,3.29,1.202,8.5,0.6,2.3,4.8,2.09,schmida01
351,Ken Schrom,30,MIN,AL,9,12,.429,4.99,29,26,1,6,0,0,160.2,164,95,89,28,59,2,74,0,0,2,679,88,5.13,1.388,9.2,1.6,3.3,4.1,1.25,schroke01
352,Dave Schuler*,31,ATL,NL,0,0,,6.75,9,0,5,0,0,0,10.2,19,8,8,4,3,0,10,0,0,0,50,59,6.53,2.063,16.0,3.4,2.5,8.4,3.33,schulda01
353,Don Schulze,22,CLE,AL,4,10,.286,6.01,19,18,0,1,0,0,94.1,128,75,63,10,19,2,37,4,0,3,429,69,4.01,1.558,12.2,1.0,1.8,3.5,1.95,schuldo01
354,Mike Scott,30,HOU,NL,18,8,.692,3.29,36,35,1,4,2,0,221.2,194,91,81,20,80,4,137,3,2,7,922,105,3.74,1.236,7.9,0.8,3.2,5.6,1.71,scottmi03
355,Rod Scurry*,29,TOT,MLB,1,1,.500,3.13,35,0,15,0,0,3,60.1,47,26,21,6,38,2,60,0,0,3,261,119,3.88,1.409,7.0,0.9,5.7,9.0,1.58,scurrro01
356,Rod Scurry*,29,PIT,NL,0,1,.000,3.21,30,0,13,0,0,2,47.2,42,22,17,4,28,1,43,0,0,3,210,113,3.73,1.469,7.9,0.8,5.3,8.1,1.54,scurrro01
357,Rod Scurry*,29,NYY,AL,1,0,1.000,2.84,5,0,2,0,0,1,12.2,5,4,4,2,10,1,17,0,0,0,51,146,4.42,1.184,3.6,1.4,7.1,12.1,1.70,scurrro01
358,Ray Searage*,30,MIL,AL,1,4,.200,5.92,33,0,18,0,0,1,38.0,54,27,25,2,24,4,36,0,0,0,189,71,3.37,2.053,12.8,0.5,5.7,8.5,1.50,searara01
359,Tom Seaver,40,CHW,AL,16,11,.593,3.17,35,33,0,6,1,0,238.2,223,103,84,22,69,6,134,8,0,10,993,136,3.73,1.223,8.4,0.8,2.6,5.1,1.94,seaveto01
360,Bob Sebra,23,TEX,AL,0,2,.000,7.52,7,4,0,0,0,0,20.1,26,17,17,4,14,2,13,1,0,0,102,57,6.18,1.967,11.5,1.8,6.2,5.8,0.93,sebrabo01
361,Jeff Sellers,21,BOS,AL,2,0,1.000,3.63,4,4,0,1,0,0,22.1,24,10,9,1,7,1,6,0,0,1,97,120,3.67,1.388,9.7,0.4,2.8,2.4,0.86,selleje01
362,Steve Shields,26,ATL,NL,1,2,.333,5.16,23,6,3,0,0,0,68.0,86,46,39,9,32,6,29,1,0,6,311,74,5.01,1.735,11.4,1.2,4.2,3.8,0.91,shielst01
363,Razor Shines,28,MON,NL,0,0,,0.00,1,0,1,0,0,0,1.0,1,0,0,0,0,0,0,0,0,0,4,,2.68,1.000,9.0,0.0,0.0,0.0,,shinera01
364,Dave Shipanoff,25,PHI,NL,1,2,.333,3.22,26,0,12,0,0,3,36.1,33,15,13,3,16,3,26,1,1,0,162,116,3.73,1.349,8.2,0.7,4.0,6.4,1.63,shipada01
365,Bob Shirley*,31,NYY,AL,5,5,.500,2.64,48,8,9,2,0,2,109.0,103,34,32,5,26,2,55,0,0,1,446,153,2.99,1.183,8.5,0.4,2.1,4.5,2.12,shirlbo01
366,Eric Show,29,SDP,NL,12,11,.522,3.09,35,35,0,5,2,0,233.0,212,95,80,27,87,7,141,5,0,4,977,114,4.16,1.283,8.2,1.0,3.4,5.4,1.62,shower01
367,Doug Sisk,27,NYM,NL,4,5,.444,5.30,42,0,22,0,0,2,73.0,86,48,43,3,40,2,26,2,1,1,341,66,4.23,1.726,10.6,0.4,4.9,3.2,0.65,siskdo01
368,Jim Slaton,35,CAL,AL,6,10,.375,4.37,29,24,3,1,0,1,148.1,162,82,72,22,63,1,60,2,0,8,645,95,5.12,1.517,9.8,1.3,3.8,3.6,0.95,slatoji01
369,Bryn Smith,29,MON,NL,18,5,.783,2.91,32,32,0,4,2,0,222.1,193,85,72,12,41,3,127,1,1,1,890,118,2.81,1.052,7.8,0.5,1.7,5.1,3.10,smithbr01
370,Dave Smith,30,HOU,NL,9,5,.643,2.27,64,0,46,0,0,27,79.1,69,26,20,3,17,5,40,1,1,4,315,153,2.85,1.084,7.8,0.3,1.9,4.5,2.35,smithda02
371,Dave Smith,27,CAL,AL,0,0,,7.20,4,0,2,0,0,0,5.0,5,4,4,1,1,0,3,0,0,0,20,62,4.68,1.200,9.0,1.8,1.8,5.4,3.00,smithda03
372,Lee Smith,27,CHC,NL,7,4,.636,3.04,65,0,57,0,0,33,97.2,87,35,33,9,32,6,112,1,0,4,397,131,2.60,1.218,8.0,0.8,2.9,10.3,3.50,smithle02
373,Mike Smith,24,CIN,NL,0,0,,5.40,2,0,1,0,0,0,3.1,2,2,2,2,1,0,2,0,0,0,13,78,10.18,0.900,5.4,5.4,2.7,5.4,2.00,smithmi04
374,Roy Smith,23,CLE,AL,1,4,.200,5.34,12,11,0,1,0,0,62.1,84,40,37,8,17,0,28,1,0,1,285,78,4.32,1.620,12.1,1.2,2.5,4.0,1.65,smithro01
375,Zane Smith*,24,ATL,NL,9,10,.474,3.80,42,18,3,2,2,0,147.0,135,70,62,4,80,5,85,3,0,2,631,101,3.58,1.463,8.3,0.2,4.9,5.2,1.06,smithza01
376,Mike Smithson,30,MIN,AL,15,14,.517,4.34,37,37,0,8,3,0,257.0,264,134,124,25,78,1,127,15,1,6,1088,100,4.05,1.331,9.2,0.9,2.7,4.4,1.63,smithmi03
377,Nate Snell,32,BAL,AL,3,2,.600,2.69,43,0,15,0,0,5,100.1,100,44,30,4,30,5,41,1,0,1,421,150,3.31,1.296,9.0,0.4,2.7,3.7,1.37,snellna01
378,Brian Snyder*,27,SEA,AL,1,2,.333,6.37,15,6,5,0,0,1,35.1,44,28,25,2,19,2,23,1,2,4,166,66,3.82,1.783,11.2,0.5,4.8,5.9,1.21,snydebr01
379,Julio Solano,25,HOU,NL,2,2,.500,3.48,20,0,9,0,0,0,33.2,34,13,13,5,13,2,17,0,0,2,144,101,4.76,1.396,9.1,1.3,3.5,4.5,1.31,solanju01
380,Lary Sorensen,29,CHC,NL,3,7,.300,4.26,45,3,18,0,0,0,82.1,86,44,39,8,24,10,34,4,2,0,355,93,4.14,1.336,9.4,0.9,2.6,3.7,1.42,sorenla01
381,Mario Soto,28,CIN,NL,12,15,.444,3.58,36,36,0,9,1,0,256.2,196,109,102,30,104,3,214,2,2,8,1055,105,3.77,1.169,6.9,1.1,3.6,7.5,2.06,sotoma01
382,Dan Spillner,33,CHW,AL,4,3,.571,3.44,52,3,15,0,0,1,91.2,83,39,35,10,33,2,41,0,0,4,378,126,4.29,1.265,8.1,1.0,3.2,4.0,1.24,spillda01
383,Randy St. Claire,24,MON,NL,5,3,.625,3.93,42,0,14,0,0,0,68.2,69,32,30,3,26,7,25,1,0,1,294,88,3.70,1.383,9.0,0.4,3.4,3.3,0.96,st.clra01
384,Bob Stanley,30,BOS,AL,6,6,.500,2.87,48,0,41,0,0,10,87.2,76,30,28,7,30,10,46,2,0,1,360,149,3.77,1.209,7.8,0.7,3.1,4.7,1.53,stanlbo01
385,Mike Stanton,32,TOT,AL,1,3,.250,6.42,35,0,16,0,0,1,40.2,47,34,29,6,29,3,29,3,0,3,200,67,5.54,1.869,10.4,1.3,6.4,6.4,1.00,stantmi01
386,Mike Stanton,32,SEA,AL,1,2,.333,5.28,24,0,11,0,0,1,29.0,32,20,17,4,21,3,17,3,0,2,140,80,5.79,1.828,9.9,1.2,6.5,5.3,0.81,stantmi01
387,Mike Stanton,32,CHW,AL,0,1,.000,9.26,11,0,5,0,0,0,11.2,15,14,12,2,8,0,12,0,0,1,60,48,4.91,1.971,11.6,1.5,6.2,9.3,1.50,stantmi01
388,Dave Stewart,28,TOT,MLB,0,6,.000,5.46,46,5,32,0,0,4,85.2,91,57,52,13,41,5,66,2,1,7,383,78,4.62,1.541,9.6,1.4,4.3,6.9,1.61,stewada01
389,Dave Stewart,28,TEX,AL,0,6,.000,5.42,42,5,29,0,0,4,81.1,86,53,49,13,37,5,64,2,1,5,361,78,4.63,1.512,9.5,1.4,4.1,7.1,1.73,stewada01
390,Dave Stewart,28,PHI,NL,0,0,,6.23,4,0,3,0,0,0,4.1,5,4,3,0,4,0,2,0,0,2,22,65,4.53,2.077,10.4,0.0,8.3,4.2,0.50,stewada01
391,Sammy Stewart,30,BAL,AL,5,7,.417,3.61,56,1,36,0,0,9,129.2,117,60,52,15,66,10,77,1,1,5,557,112,4.55,1.411,8.1,1.0,4.6,5.3,1.17,stewasa01
392,Dave Stieb,27,TOR,AL,14,13,.519,2.48,36,36,0,8,2,0,265.0,206,89,73,22,96,3,167,9,1,4,1087,171,3.69,1.140,7.0,0.7,3.3,5.7,1.74,stiebda01
393,Bob Stoddard,28,DET,AL,0,0,,6.75,8,0,3,0,0,1,13.1,15,11,10,3,5,0,11,0,0,2,61,62,5.08,1.500,10.1,2.0,3.4,7.4,2.20,stoddbo01
394,Tim Stoddard,32,SDP,NL,1,6,.143,4.65,44,0,20,0,0,1,60.0,63,35,31,3,37,7,42,0,0,5,279,76,3.78,1.667,9.5,0.5,5.6,6.3,1.14,stoddti01
395,John Stuper,28,CIN,NL,8,5,.615,4.55,33,13,11,1,0,0,99.0,116,60,50,8,37,3,38,0,1,1,432,83,4.09,1.545,10.5,0.7,3.4,3.5,1.03,stupejo01
396,Rich Surhoff,22,TOT,MLB,1,1,.500,6.75,9,0,5,0,0,2,9.1,14,7,7,2,3,0,9,0,0,0,43,67,4.51,1.821,13.5,1.9,2.9,8.7,3.00,surhori01
397,Rich Surhoff,22,PHI,NL,1,0,1.000,0.00,2,0,0,0,0,0,1.0,2,0,0,0,0,0,1,0,0,0,4,,0.68,2.000,18.0,0.0,0.0,9.0,,surhori01
398,Rich Surhoff,22,TEX,AL,0,1,.000,7.56,7,0,5,0,0,2,8.1,12,7,7,2,3,0,8,0,0,0,39,58,4.96,1.800,13.0,2.2,3.2,8.6,2.67,surhori01
399,Rick Sutcliffe,29,CHC,NL,8,8,.500,3.18,20,20,0,6,3,0,130.0,119,51,46,12,44,3,102,3,0,6,549,125,3.40,1.254,8.2,0.8,3.0,7.1,2.32,sutclri01
400,Bruce Sutter,32,ATL,NL,7,7,.500,4.48,58,0,50,0,0,23,88.1,91,46,44,13,29,4,52,3,0,0,382,85,4.51,1.358,9.3,1.3,3.0,5.3,1.79,suttebr01
401,Don Sutton,40,TOT,AL,15,10,.600,3.86,34,34,0,1,1,0,226.0,221,101,97,25,59,0,107,0,0,6,943,100,3.96,1.239,8.8,1.0,2.3,4.3,1.81,suttodo01
402,Don Sutton,40,OAK,AL,13,8,.619,3.89,29,29,0,1,1,0,194.1,194,88,84,19,51,0,91,0,0,6,819,98,3.81,1.261,9.0,0.9,2.4,4.2,1.78,suttodo01
403,Don Sutton,40,CAL,AL,2,2,.500,3.69,5,5,0,0,0,0,31.2,27,13,13,6,8,0,16,0,0,0,124,114,4.89,1.105,7.7,1.7,2.3,4.5,2.00,suttodo01
404,Bill Swaggerty,28,BAL,AL,0,0,,5.40,1,0,0,0,0,0,1.2,3,1,1,0,2,1,2,0,0,0,10,92,3.88,3.000,16.2,0.0,10.8,10.8,1.00,swaggbi01
405,Bill Swift,23,SEA,AL,6,10,.375,4.77,23,21,0,0,0,0,120.2,131,71,64,8,48,5,55,5,3,5,532,88,3.95,1.483,9.8,0.6,3.6,4.1,1.15,swiftbi02
406,Frank Tanana*,31,TOT,AL,12,14,.462,4.27,33,33,0,4,0,0,215.0,220,112,102,28,57,8,159,3,1,5,907,97,3.74,1.288,9.2,1.2,2.4,6.7,2.79,tananfr01
407,Frank Tanana*,31,TEX,AL,2,7,.222,5.91,13,13,0,0,0,0,77.2,89,53,51,15,23,2,52,1,0,3,340,72,4.78,1.442,10.3,1.7,2.7,6.0,2.26,tananfr01
408,Frank Tanana*,31,DET,AL,10,7,.588,3.34,20,20,0,4,0,0,137.1,131,59,51,13,34,6,107,2,1,2,567,122,3.14,1.201,8.6,0.9,2.2,7.0,3.15,tananfr01
409,Bruce Tanner,23,CHW,AL,1,2,.333,5.33,10,4,3,0,0,0,27.0,34,17,16,1,13,3,9,2,0,0,128,82,4.17,1.741,11.3,0.3,4.3,3.0,0.69,tannebr01
410,Kent Tekulve,38,TOT,NL,4,10,.286,3.57,61,0,42,0,0,14,75.2,74,35,30,5,30,10,40,2,0,0,327,105,3.75,1.374,8.8,0.6,3.6,4.8,1.33,tekulke01
411,Kent Tekulve,38,PIT,NL,0,0,,16.20,3,0,1,0,0,0,3.1,7,7,6,1,5,1,4,0,0,0,21,25,8.68,3.600,18.9,2.7,13.5,10.8,0.80,tekulke01
412,Kent Tekulve,38,PHI,NL,4,10,.286,2.99,58,0,41,0,0,14,72.1,67,28,24,4,25,9,36,2,0,0,306,125,3.53,1.272,8.3,0.5,3.1,4.5,1.44,tekulke01
413,Tom Tellmann,31,OAK,AL,0,0,,5.06,11,0,3,0,0,0,21.1,33,12,12,3,9,1,8,1,0,0,106,77,5.17,1.969,13.9,1.3,3.8,3.4,0.89,tellmto01
414,Walt Terrell,27,DET,AL,15,10,.600,3.85,34,34,0,5,3,0,229.0,221,107,98,9,95,5,130,4,0,5,983,106,3.36,1.380,8.7,0.4,3.7,5.1,1.37,terrewa01
415,Roy Thomas,32,SEA,AL,7,0,1.000,3.36,40,0,9,0,0,1,93.2,66,37,35,8,48,12,70,2,2,4,385,125,3.90,1.217,6.3,0.8,4.6,6.7,1.46,thomaro02
416,Rich Thompson,26,CLE,AL,3,8,.273,6.30,57,0,24,0,0,5,80.0,95,63,56,8,48,6,30,6,2,6,379,66,5.26,1.788,10.7,0.9,5.4,3.4,0.63,thompri01
417,Mark Thurmond*,28,SDP,NL,7,11,.389,3.97,36,23,4,1,1,2,138.1,154,70,61,9,44,5,57,3,0,0,592,89,3.72,1.431,10.0,0.6,2.9,3.7,1.30,thurmma01
418,Jay Tibbs,23,CIN,NL,10,16,.385,3.92,35,34,0,5,2,0,218.0,216,111,95,14,83,10,98,0,1,12,928,96,3.76,1.372,8.9,0.6,3.4,4.0,1.18,tibbsja01
419,Dave Tobik,32,SEA,AL,1,0,1.000,6.00,8,0,4,0,0,1,9.0,10,8,6,2,3,0,8,0,0,1,40,73,4.80,1.444,10.0,2.0,3.0,8.0,2.67,tobikda01
420,Freddie Toliver,24,PHI,NL,0,4,.000,4.68,11,3,4,0,0,1,25.0,27,15,13,2,17,1,23,0,0,0,117,81,3.92,1.760,9.7,0.7,6.1,8.3,1.35,tolivfr01
421,Dave Tomlin*,36,PIT,NL,0,0,,0.00,1,0,0,0,0,0,1.0,1,0,0,0,1,0,0,0,0,1,4,,5.68,2.000,9.0,0.0,9.0,0.0,0.00,tomlida01
422,Steve Trout*,27,CHC,NL,9,7,.563,3.39,24,24,0,3,1,0,140.2,142,57,53,8,63,7,44,1,1,2,601,117,4.16,1.457,9.1,0.5,4.0,2.8,0.70,troutst01
423,Mike Trujillo,25,BOS,AL,4,4,.500,4.82,27,7,7,1,0,1,84.0,112,55,45,7,23,1,19,3,0,1,379,89,4.24,1.607,12.0,0.8,2.5,2.0,0.83,trujimi01
424,John Tudor*,31,STL,NL,21,8,.724,1.93,36,36,0,14,10,0,275.0,209,68,59,14,49,4,169,5,0,4,1062,185,2.71,0.938,6.8,0.5,1.6,5.5,3.45,tudorjo01
425,Lee Tunnell,24,PIT,NL,4,10,.286,4.01,24,23,1,0,0,0,132.1,126,70,59,11,57,4,74,1,0,3,565,90,3.96,1.383,8.6,0.7,3.9,5.0,1.30,tunnele01
426,Fernando Valenzuela*,24,LAD,NL,17,10,.630,2.45,35,35,0,14,5,0,272.1,211,92,74,14,101,5,208,1,1,10,1109,141,2.95,1.146,7.0,0.5,3.3,6.9,2.06,valenfe01
427,Ed Vande Berg*,26,SEA,AL,2,1,.667,3.72,76,0,22,0,0,3,67.2,71,30,28,4,31,5,34,1,0,4,296,113,3.87,1.507,9.4,0.5,4.1,4.5,1.10,vandeed01
428,Frank Viola*,25,MIN,AL,18,14,.563,4.09,36,36,0,9,0,0,250.2,262,136,114,26,68,3,135,2,2,6,1059,107,3.79,1.316,9.4,0.9,2.4,4.8,1.99,violafr01
429,Dave Von Ohlen*,26,CLE,AL,3,2,.600,2.91,26,0,9,0,0,0,43.1,47,20,14,3,20,6,12,0,0,0,196,144,4.41,1.546,9.8,0.6,4.2,2.5,0.60,vonohda01
430,Pete Vuckovich,32,MIL,AL,6,10,.375,5.51,22,22,0,1,0,0,112.2,134,74,69,16,48,2,55,7,0,3,511,76,5.02,1.615,10.7,1.3,3.8,4.4,1.15,vuckope01
431,Tom Waddell,26,CLE,AL,8,6,.571,4.87,49,9,28,1,0,9,112.2,104,61,61,20,39,8,53,1,0,1,471,85,5.12,1.269,8.3,1.6,3.1,4.2,1.36,waddeto01
432,Rick Waits*,33,MIL,AL,3,2,.600,6.51,24,0,8,0,0,1,47.0,67,37,34,3,20,5,24,0,0,1,220,64,3.77,1.851,12.8,0.6,3.8,4.6,1.20,waitsri01
433,Bob Walk,28,PIT,NL,2,3,.400,3.68,9,9,0,1,1,0,58.2,60,27,24,3,18,2,40,0,3,2,248,98,2.91,1.330,9.2,0.5,2.8,6.1,2.22,walkbo01
434,Gene Walter*,24,SDP,NL,0,2,.000,2.05,15,0,7,0,0,3,22.0,12,6,5,0,8,1,18,0,0,0,86,176,2.14,0.909,4.9,0.0,3.3,7.4,2.25,waltege01
435,Colin Ward*,24,SFG,NL,0,0,,4.38,6,2,0,0,0,0,12.1,10,6,6,0,7,0,8,0,0,0,52,82,3.09,1.378,7.3,0.0,5.1,5.8,1.14,wardco01
436,Curt Wardle*,24,TOT,AL,8,9,.471,6.18,50,12,13,0,0,1,115.0,127,83,79,20,62,0,84,2,1,3,523,69,5.15,1.643,9.9,1.6,4.9,6.6,1.35,wardlcu01
437,Curt Wardle*,24,MIN,AL,1,3,.250,5.51,35,0,13,0,0,1,49.0,49,32,30,9,28,0,47,1,1,1,218,80,4.93,1.571,9.0,1.7,5.1,8.6,1.68,wardlcu01
438,Curt Wardle*,24,CLE,AL,7,6,.538,6.68,15,12,0,0,0,0,66.0,78,51,49,11,34,0,37,1,0,2,305,62,5.32,1.697,10.6,1.5,4.6,5.0,1.09,wardlcu01
439,Mike Warren,24,OAK,AL,1,4,.200,6.61,16,6,2,0,0,0,49.0,52,42,36,13,38,0,48,4,1,3,243,58,6.75,1.837,9.6,2.4,7.0,8.8,1.26,warremi01
440,Bill Wegman,22,MIL,AL,2,0,1.000,3.57,3,3,0,0,0,0,17.2,17,8,7,3,3,0,6,0,1,0,73,119,4.72,1.132,8.7,1.5,1.5,3.1,2.00,wegmabi01
441,Dave Wehrmeister,32,CHW,AL,2,2,.500,3.43,23,0,4,0,0,2,39.1,35,15,15,4,10,0,32,3,0,0,159,127,3.37,1.144,8.0,0.9,2.3,7.3,3.20,wehrmda01
442,Bob Welch,28,LAD,NL,14,4,.778,2.31,23,23,0,8,3,0,167.1,141,49,43,16,35,2,96,6,4,7,675,150,3.51,1.052,7.6,0.9,1.9,5.2,2.74,welchbo01
443,Chris Welsh*,30,TEX,AL,2,5,.286,4.13,25,6,4,0,0,0,76.1,101,40,35,11,25,3,31,4,0,5,351,103,4.88,1.651,11.9,1.3,2.9,3.7,1.24,welshch01
444,Len Whitehouse*,27,MIN,AL,0,0,,11.05,5,0,2,0,0,1,7.1,12,9,9,4,2,0,4,0,0,1,36,41,9.50,1.909,14.7,4.9,2.5,4.9,2.00,whitele01
445,Ed Whitson,30,NYY,AL,10,8,.556,4.88,30,30,0,2,2,0,158.2,201,100,86,19,43,0,89,2,0,1,705,83,3.97,1.538,11.4,1.1,2.4,5.0,2.07,whitsed01
446,Milt Wilcox,35,DET,AL,1,3,.250,4.85,8,8,0,0,0,0,39.0,51,24,21,6,14,2,20,0,0,2,177,85,4.74,1.667,11.8,1.4,3.2,4.6,1.43,wilcomi01
447,Bill Wilkinson*,20,SEA,AL,0,2,.000,13.50,2,2,0,0,0,0,6.0,8,9,9,2,6,1,5,0,0,0,30,33,8.35,2.333,12.0,3.0,9.0,7.5,0.83,wilkibi01
448,Frank Williams,27,SFG,NL,2,4,.333,4.19,49,0,15,0,0,0,73.0,65,39,34,5,35,7,54,6,1,3,318,83,3.78,1.370,8.0,0.6,4.3,6.7,1.54,willifr01
449,Matt Williams,25,TEX,AL,2,1,.667,2.42,6,3,1,0,0,0,26.0,20,7,7,3,10,0,22,0,0,2,106,177,3.65,1.154,6.9,1.0,3.5,7.6,2.20,willima03
450,Carl Willis,24,CIN,NL,1,0,1.000,9.22,11,0,6,0,0,1,13.2,21,18,14,3,5,0,6,0,0,1,69,42,5.76,1.902,13.8,2.0,3.3,4.0,1.20,willica01
451,Frank Wills,26,SEA,AL,5,11,.313,6.00,24,18,2,1,0,1,123.0,122,85,82,18,68,3,67,3,1,9,541,70,5.23,1.545,8.9,1.3,5.0,4.9,0.99,willsfr01
452,Jim Winn,25,PIT,NL,3,6,.333,5.23,30,7,10,0,0,0,75.2,77,45,44,4,31,2,22,2,2,5,326,69,4.10,1.427,9.2,0.5,3.7,2.6,0.71,winnji01
453,Mike Witt,24,CAL,AL,15,9,.625,3.56,35,35,0,6,1,0,250.0,228,115,99,22,98,6,180,4,1,11,1049,117,3.61,1.304,8.2,0.8,3.5,6.5,1.84,wittmi01
454,Ed Wojna,24,SDP,NL,2,4,.333,5.79,15,7,1,0,0,0,42.0,53,35,27,6,19,0,18,3,2,1,198,62,5.26,1.714,11.4,1.3,4.1,3.9,0.95,wojnaed01
455,Rob Woodward,22,BOS,AL,1,0,1.000,1.69,5,2,3,0,0,0,26.2,17,8,5,0,9,0,16,2,0,0,113,257,2.72,0.975,5.7,0.0,3.0,5.4,1.78,woodwbo01
456,Todd Worrell,25,STL,NL,3,0,1.000,2.91,17,0,11,0,0,5,21.2,17,7,7,2,7,2,17,0,0,2,88,125,3.28,1.108,7.1,0.8,2.9,7.1,2.43,worreto01
457,Ricky Wright*,26,TEX,AL,0,0,,4.70,5,0,1,0,0,0,7.2,5,4,4,0,5,1,7,0,0,0,32,94,2.81,1.304,5.9,0.0,5.9,8.2,1.40,wrighri01
458,Rich Yett,22,MIN,AL,0,0,,27.00,1,1,0,0,0,0,0.1,1,1,1,0,2,0,0,0,0,1,5,33,20.68,9.000,27.0,0.0,54.0,0.0,0.00,yettri01
459,Floyd Youmans,21,MON,NL,4,3,.571,2.45,14,12,2,0,0,0,77.0,57,27,21,3,49,1,54,1,0,5,331,140,3.74,1.377,6.7,0.4,5.7,6.3,1.10,youmafl01
460,Curt Young*,25,OAK,AL,0,4,.000,7.24,19,7,5,0,0,0,46.0,57,38,37,15,22,0,19,1,0,1,214,53,7.60,1.717,11.2,2.9,4.3,3.7,0.86,youngcu01
461,Matt Young*,26,SEA,AL,12,19,.387,4.91,37,35,2,5,2,1,218.1,242,135,119,23,76,3,136,7,2,6,951,86,3.95,1.456,10.0,0.9,3.1,5.6,1.79,youngma01
462,Pat Zachry,33,PHI,NL,0,0,,4.26,10,0,1,0,0,0,12.2,14,7,6,1,11,1,8,0,0,1,61,90,5.05,1.974,9.9,0.7,7.8,5.7,0.73,zachrpa01
463,Geoff Zahn*,39,CAL,AL,2,2,.500,4.38,7,7,0,1,1,0,37.0,44,19,18,5,14,0,14,0,0,1,164,96,4.82,1.568,10.7,1.2,3.4,3.4,1.00,zahnge01